-- phpMyAdmin SQL Dump
-- version 5.2.1
-- https://www.phpmyadmin.net/
--
-- Host: 127.0.0.1
-- Generation Time: Sep 10, 2024 at 03:27 PM
-- Server version: 10.4.32-MariaDB
-- PHP Version: 8.2.12

SET SQL_MODE = "NO_AUTO_VALUE_ON_ZERO";
START TRANSACTION;
SET time_zone = "+00:00";


/*!40101 SET @OLD_CHARACTER_SET_CLIENT=@@CHARACTER_SET_CLIENT */;
/*!40101 SET @OLD_CHARACTER_SET_RESULTS=@@CHARACTER_SET_RESULTS */;
/*!40101 SET @OLD_COLLATION_CONNECTION=@@COLLATION_CONNECTION */;
/*!40101 SET NAMES utf8mb4 */;

--
-- Database: `inventori_smknkasiman`
--

-- --------------------------------------------------------

--
-- Table structure for table `admin`
--

CREATE TABLE `admin` (
  `id_admin` int(11) NOT NULL,
  `nama_admin` varchar(100) NOT NULL,
  `username_admin` char(50) NOT NULL,
  `password_admin` char(20) NOT NULL
) ENGINE=InnoDB DEFAULT CHARSET=utf8mb4 COLLATE=utf8mb4_general_ci;

--
-- Dumping data for table `admin`
--

INSERT INTO `admin` (`id_admin`, `nama_admin`, `username_admin`, `password_admin`) VALUES
(1, 'DONI WAHYUDI INDRA CAHYA, ST', 'admin', 'admin123');

-- --------------------------------------------------------

--
-- Table structure for table `barang`
--

CREATE TABLE `barang` (
  `id_barang` int(11) NOT NULL,
  `id_ruangbarang` int(11) NOT NULL,
  `nama_barang` varchar(100) NOT NULL,
  `stok_barang` int(11) DEFAULT NULL,
  `status_barang` enum('Tetap','Pakai') NOT NULL
) ENGINE=InnoDB DEFAULT CHARSET=utf8mb4 COLLATE=utf8mb4_general_ci;

--
-- Dumping data for table `barang`
--

INSERT INTO `barang` (`id_barang`, `id_ruangbarang`, `nama_barang`, `stok_barang`, `status_barang`) VALUES
(4, 1, 'Keyboard', 50, 'Tetap'),
(7, 6, 'Kabel', 3, 'Tetap'),
(8, 4, 'Komputer', 5, 'Pakai'),
(11, 1, 'Mouse', 50, 'Tetap'),
(12, 1, 'Monitor', 50, 'Tetap'),
(13, 1, 'CPU', 49, 'Tetap'),
(14, 1, 'Meja', 36, 'Tetap'),
(15, 1, 'Kursi', 36, 'Tetap'),
(16, 1, 'Optical Power Meter', 2, 'Pakai'),
(17, 1, 'VFL', 2, 'Tetap'),
(18, 1, 'Fiber Cleaver', 2, 'Tetap'),
(19, 1, 'Miller Clamp', 2, 'Tetap'),
(20, 1, 'Wire Strippe', 2, 'Tetap'),
(21, 1, 'Sqeezed Alcohol Bottle', 2, 'Tetap'),
(22, 1, 'Bag', 2, 'Tetap'),
(23, 1, 'Hexagon Length Control', 2, 'Tetap'),
(24, 1, 'Kabel UTP', 1, 'Pakai'),
(25, 1, 'Kabel Fiber Optic', 1, 'Pakai'),
(26, 1, 'Splicer Splicing', 1, 'Tetap'),
(27, 1, 'Printer 3D', 0, 'Tetap'),
(28, 1, 'Server', 3, 'Tetap'),
(29, 1, 'Laptop', 20, 'Tetap'),
(30, 6, 'Kunci Pas ', 3, 'Tetap'),
(31, 6, 'Kunci Pas – Ring ', 5, 'Tetap'),
(32, 6, 'Kunci Ring', 2, 'Tetap'),
(33, 6, 'Kunci Nipel', 5, 'Tetap'),
(34, 6, 'Kunci sock segi enam ganda', 6, 'Tetap'),
(35, 6, 'Kunci Busi', 10, 'Tetap'),
(36, 6, 'Kunci Roda', 4, 'Tetap'),
(37, 6, 'Kunci Sock Bintang ', 8, 'Tetap'),
(38, 6, 'Kunci Inggris', 2, 'Tetap'),
(39, 6, 'Obeng', 5, 'Tetap'),
(40, 6, 'Tang', 2, 'Tetap'),
(41, 6, 'Penjepit', 4, 'Tetap'),
(42, 6, 'Pemotong Pipa', 2, 'Tetap'),
(43, 6, 'Gunting Rem', 2, 'Tetap'),
(44, 6, 'Alat Perbaikan OBD-II', 1, 'Tetap'),
(45, 6, 'Mesin Gerinda', 1, 'Tetap'),
(46, 4, 'Komputer set', 59, 'Tetap'),
(47, 4, 'AC', 2, 'Tetap'),
(48, 4, 'Kipas Angin', 1, 'Tetap'),
(49, 4, 'Lemari Besi', 2, 'Tetap'),
(50, 4, 'Access Point', 2, 'Tetap'),
(51, 4, 'Server', 1, 'Tetap'),
(52, 4, 'Meja', 60, 'Tetap'),
(53, 4, 'Printer 3D', 1, 'Tetap'),
(54, 4, 'HVS', 500, 'Pakai'),
(55, 4, 'Speaker', 2, 'Tetap'),
(56, 4, 'Proyektor', 1, 'Tetap'),
(65, 1, 'obeng +', 7, 'Tetap'),
(67, 2, 'Camera Mirrorles', 2, 'Tetap'),
(69, 6, 'hvs', 3, 'Pakai'),
(71, 2, 'Karpet', 2, 'Tetap'),
(73, 6, 'hvs', 3, 'Pakai'),
(75, 2, 'Cam Corder', 2, 'Tetap'),
(79, 5, 'obeng', 5, 'Tetap'),
(81, 6, 'hvs', 3, 'Pakai'),
(82, 6, 'hvs', 3, 'Pakai'),
(83, 6, 'hvs', 3, 'Pakai'),
(84, 6, 'hvs', 3, 'Pakai'),
(85, 6, 'hvs', 3, 'Pakai'),
(86, 5, 'Bensin', 200, 'Pakai'),
(87, 5, 'Kunci kontak', 15, 'Pakai'),
(88, 2, 'Camera DSLR', 4, 'Tetap'),
(89, 2, 'Printer', 3, 'Tetap'),
(90, 2, 'Press Mug', 1, 'Tetap'),
(91, 2, 'Press Pin', 1, 'Tetap'),
(92, 2, 'Press Sablon DTF', 1, 'Tetap'),
(93, 2, 'Plotter', 2, 'Tetap'),
(94, 2, 'Mesin Potong Zigzag', 1, 'Tetap'),
(95, 2, 'Meja Sablon', 1, 'Tetap'),
(96, 2, 'Lighting', 2, 'Tetap'),
(97, 2, 'Tripod', 4, 'Tetap'),
(98, 2, 'Background Foto', 6, 'Tetap'),
(99, 2, 'Laptop', 6, 'Tetap'),
(100, 2, 'HVS F4', 1500, 'Pakai'),
(101, 2, 'HVS A4', 1500, 'Pakai'),
(102, 2, 'Glossy Photo Paper', 10, 'Pakai'),
(103, 2, 'Kertas Sublim', 3, 'Pakai'),
(104, 2, 'Tinta Printer Set', 8, 'Pakai'),
(105, 2, 'PVC Card', 10, 'Pakai'),
(106, 2, 'Acrilic', 4, 'Pakai'),
(107, 2, 'T-Shirt', 40, 'Pakai'),
(108, 2, 'Pin ', 60, 'Pakai'),
(109, 5, 'Bateray', 6, 'Pakai'),
(110, 5, 'Saklar Dim', 2, 'Tetap'),
(111, 5, 'Refrigeran', 20, 'Pakai'),
(112, 5, 'Manipold AC tunggal', 2, 'Tetap'),
(113, 5, 'Fuller gauge', 20, 'Tetap'),
(114, 5, 'Roda trainer 4\"', 20, 'Tetap'),
(115, 5, 'Dinamo Starter', 3, 'Tetap'),
(116, 5, 'Micrometer', 10, 'Tetap'),
(117, 5, 'Vernier caliper', 10, 'Tetap'),
(118, 5, 'Coil', 3, 'Pakai'),
(119, 5, 'Silinder Bore gauge', 4, 'Tetap'),
(120, 5, 'Kunci Sock', 4, 'Tetap'),
(121, 5, 'Lem Sealer', 5, 'Pakai'),
(122, 5, 'Kabel jumper accu', 20, 'Pakai'),
(123, 5, 'Dial indikator', 4, 'Tetap'),
(124, 5, 'Distributor', 3, 'Tetap'),
(125, 5, 'Dinamo Alternator', 3, 'Tetap'),
(126, 5, 'Oli Engine', 152, 'Pakai'),
(127, 5, 'Radiator Coolant', 190, 'Pakai'),
(128, 3, 'Komputer set', 37, 'Tetap'),
(129, 3, 'Speaker', 1, 'Tetap'),
(130, 3, 'AC', 2, 'Tetap'),
(131, 3, 'Kipas Angin', 2, 'Tetap'),
(132, 3, 'Jam Dinding', 1, 'Tetap'),
(133, 3, 'Papan tulis whiteboard', 1, 'Tetap'),
(134, 3, 'Spidol Board Marker', 2, 'Pakai'),
(135, 3, 'Proyektor', 1, 'Tetap'),
(136, 3, 'Kalkulator', 35, 'Tetap'),
(137, 3, 'Saklar ', 1, 'Tetap'),
(138, 3, 'Stopkontak', 46, 'Tetap'),
(139, 3, 'Lakban bening', 1, 'Pakai'),
(140, 3, 'HVS A4', 500, 'Pakai'),
(141, 3, 'HVS F4', 500, 'Pakai'),
(142, 3, 'Printer', 1, 'Tetap'),
(143, 3, 'Tinta Printer set', 4, 'Pakai'),
(144, 3, 'Odner tekan', 6, 'Pakai'),
(145, 3, 'Kertas Stiker', 20, 'Pakai'),
(146, 3, 'Kertas Bufallo', 100, 'Pakai'),
(147, 3, 'Buku Folio', 6, 'Pakai'),
(148, 3, 'Map L', 24, 'Pakai'),
(149, 7, 'Mesin Las SMAW 400A', 6, 'Tetap'),
(150, 7, 'Mesin Las GMAW 400A', 3, 'Tetap'),
(151, 7, 'Mesin Las GMAW 250A', 3, 'Tetap'),
(152, 7, 'Mesin Las GTAW 200A', 7, 'Tetap'),
(153, 7, 'Bur Duduk', 2, 'Tetap'),
(154, 7, 'Gerinda tangan', 15, 'Tetap'),
(155, 7, 'Gerinda Modern', 4, 'Tetap'),
(156, 7, 'Gerinda Potong Duduk', 1, 'Tetap'),
(157, 7, 'Gerinda Asah Duduk', 1, 'Tetap'),
(158, 7, 'Bur Cas', 1, 'Tetap'),
(159, 7, 'Bur Tangan', 1, 'Tetap'),
(160, 7, 'Cutting Plasma', 1, 'Tetap'),
(161, 7, 'Kompresor Listrik', 1, 'Tetap'),
(162, 7, 'Ragum', 4, 'Tetap'),
(163, 7, 'Rol pipa', 1, 'Tetap'),
(164, 7, 'driyer', 1, 'Tetap'),
(165, 7, 'Cutting Gas', 1, 'Tetap'),
(166, 7, 'Elektroda 3.2', 48, 'Pakai'),
(167, 7, 'elektroda 2.0', 96, 'Pakai'),
(168, 7, 'Plat Hitam ', 1, 'Pakai'),
(169, 7, 'Welding Guge Hi-Low', 5, 'Tetap');

-- --------------------------------------------------------

--
-- Table structure for table `keadaan_barang`
--

CREATE TABLE `keadaan_barang` (
  `id_keadaanbarang` int(11) NOT NULL,
  `id_barang` int(11) NOT NULL,
  `jumlah_baik` int(11) NOT NULL,
  `jumlah_rusak` int(11) NOT NULL
) ENGINE=InnoDB DEFAULT CHARSET=utf8mb4 COLLATE=utf8mb4_general_ci;

--
-- Dumping data for table `keadaan_barang`
--

INSERT INTO `keadaan_barang` (`id_keadaanbarang`, `id_barang`, `jumlah_baik`, `jumlah_rusak`) VALUES
(1, 4, 50, 0),
(4, 7, 2, 1),
(5, 8, 4, 1),
(8, 11, 50, 0),
(9, 12, 50, 0),
(10, 13, 50, 0),
(11, 14, 36, 0),
(12, 15, 36, 0),
(13, 16, 2, 0),
(14, 17, 2, 0),
(15, 18, 2, 0),
(16, 19, 2, 0),
(17, 20, 2, 0),
(18, 21, 2, 0),
(19, 22, 2, 0),
(20, 23, 2, 0),
(21, 24, 1, 0),
(22, 25, 1, 0),
(23, 26, 1, 0),
(24, 27, 1, 0),
(25, 28, 3, 0),
(26, 29, 7, 13),
(27, 30, 3, 0),
(28, 31, 5, 0),
(29, 32, 2, 0),
(30, 33, 5, 0),
(31, 34, 6, 0),
(32, 35, 10, 0),
(33, 36, 4, 0),
(34, 37, 8, 0),
(35, 38, 2, 0),
(36, 39, 5, 0),
(37, 40, 2, 0),
(38, 41, 4, 0),
(39, 42, 2, 0),
(40, 43, 3, 0),
(41, 44, 1, 0),
(42, 45, 1, 0),
(43, 46, 60, 0),
(44, 47, 2, 0),
(45, 48, 1, 0),
(46, 49, 2, 0),
(47, 50, 2, 0),
(48, 51, 1, 0),
(49, 52, 60, 0),
(50, 53, 1, 0),
(51, 54, 420, 80),
(52, 55, 2, 0),
(53, 56, 1, 0),
(54, 57, 1, 0),
(55, 58, 2, 0),
(56, 59, 4, 0),
(57, 60, 2, 0),
(58, 61, 85, 15),
(59, 62, 6, 0),
(60, 63, 6, 0),
(61, 64, 4, 0),
(62, 65, 5, 2),
(64, 67, 2, 0),
(66, 69, 2, 1),
(68, 71, 2, 0),
(70, 73, 2, 1),
(72, 75, 2, 0),
(76, 79, 4, 1),
(78, 81, 2, 1),
(79, 82, 2, 1),
(80, 83, 2, 1),
(81, 84, 2, 1),
(82, 85, 2, 1),
(83, 86, 200, 0),
(84, 87, 15, 0),
(85, 88, 4, 0),
(86, 89, 3, 0),
(87, 90, 1, 0),
(88, 91, 1, 0),
(89, 92, 1, 0),
(90, 93, 2, 0),
(91, 94, 1, 0),
(92, 95, 1, 0),
(93, 96, 2, 0),
(94, 97, 4, 0),
(95, 98, 6, 0),
(96, 99, 6, 0),
(97, 100, 1500, 0),
(98, 101, 1500, 0),
(99, 102, 10, 0),
(100, 103, 3, 0),
(101, 104, 8, 0),
(102, 105, 10, 0),
(103, 106, 4, 0),
(104, 107, 40, 0),
(105, 108, 60, 0),
(106, 109, 6, 0),
(107, 110, 2, 0),
(108, 111, 20, 0),
(109, 112, 2, 0),
(110, 113, 20, 0),
(111, 114, 20, 0),
(112, 115, 3, 0),
(113, 116, 10, 0),
(114, 117, 10, 0),
(115, 118, 3, 0),
(116, 119, 4, 0),
(117, 120, 4, 0),
(118, 121, 5, 0),
(119, 122, 20, 0),
(120, 123, 4, 0),
(121, 124, 3, 0),
(122, 125, 3, 0),
(123, 126, 152, 0),
(124, 127, 190, 0),
(125, 128, 37, 0),
(126, 129, 1, 0),
(127, 130, 2, 0),
(128, 131, 2, 0),
(129, 132, 1, 0),
(130, 133, 1, 0),
(131, 134, 2, 0),
(132, 135, 1, 0),
(133, 136, 35, 0),
(134, 137, 1, 0),
(135, 138, 46, 0),
(136, 139, 1, 0),
(137, 140, 500, 0),
(138, 141, 500, 0),
(139, 142, 1, 0),
(140, 143, 4, 0),
(141, 144, 6, 0),
(142, 145, 20, 0),
(143, 146, 100, 0),
(144, 147, 6, 0),
(145, 148, 24, 0),
(146, 149, 6, 0),
(147, 150, 3, 0),
(148, 151, 3, 0),
(149, 152, 7, 0),
(150, 153, 2, 0),
(151, 154, 15, 0),
(152, 155, 4, 0),
(153, 156, 1, 0),
(154, 157, 1, 0),
(155, 158, 1, 0),
(156, 159, 1, 0),
(157, 160, 1, 0),
(158, 161, 1, 0),
(159, 162, 4, 0),
(160, 163, 1, 0),
(161, 164, 1, 0),
(162, 165, 1, 0),
(163, 166, 48, 0),
(164, 167, 96, 0),
(165, 168, 1, 0),
(166, 169, 5, 0);

-- --------------------------------------------------------

--
-- Table structure for table `log`
--

CREATE TABLE `log` (
  `id_log` int(11) NOT NULL,
  `id_admin` int(11) DEFAULT NULL,
  `id_pj` int(11) DEFAULT NULL,
  `waktu` datetime NOT NULL,
  `keterangan` varchar(255) NOT NULL
) ENGINE=InnoDB DEFAULT CHARSET=utf8mb4 COLLATE=utf8mb4_general_ci;

--
-- Dumping data for table `log`
--

INSERT INTO `log` (`id_log`, `id_admin`, `id_pj`, `waktu`, `keterangan`) VALUES
(1, 1, NULL, '2024-07-05 21:33:44', 'ADMIN Login'),
(3, 1, NULL, '2024-07-05 21:36:18', 'ADMIN Login'),
(4, 1, NULL, '2024-07-07 21:57:14', 'ADMIN Login'),
(5, 1, NULL, '2024-07-07 21:58:37', 'ADMIN Logout'),
(6, 1, NULL, '2024-07-07 21:58:50', 'ADMIN Login'),
(7, 1, NULL, '2024-07-19 06:33:24', 'ADMIN Login'),
(8, 1, NULL, '2024-07-19 06:34:53', 'Menambahkan Akun Users SELVI CITRA DWI AMANDA'),
(9, 1, NULL, '2024-07-19 06:35:50', 'Menambahkan Akun Users SELVI CITRA DWI AMANDA'),
(10, 1, NULL, '2024-07-19 06:35:58', 'Menghapus SELVI CITRA DWI AMANDA'),
(11, 1, NULL, '2024-07-19 06:37:31', 'Menambahkan Akun Users MARSYEILA MAULIDYA NINGRUM'),
(12, 1, NULL, '2024-07-19 06:38:15', 'Menambahkan Akun Users MEGA AMELIA'),
(13, 1, NULL, '2024-07-19 06:39:05', 'Menambahkan Akun Users MELI APRILIA'),
(14, 1, NULL, '2024-07-19 06:39:58', 'Menambahkan Akun Users MUTIA NURAINI'),
(15, 1, NULL, '2024-07-19 06:40:58', 'Menambahkan Akun Users NABELA DANIK NOR SAFIKA'),
(16, 1, NULL, '2024-07-19 06:41:11', 'ADMIN Logout'),
(17, 0, 8, '2024-07-19 06:42:37', 'Ketua Ruang Login'),
(18, 0, 8, '2024-07-19 06:42:58', 'Menghapus Data'),
(19, 0, 8, '2024-07-19 06:43:21', 'Menambahkan Barang Mouse'),
(20, 0, 8, '2024-07-19 06:43:54', 'Menambahkan Barang Monitor'),
(21, 0, 8, '2024-07-19 06:44:21', 'Mengedit Barang 4'),
(22, 0, 8, '2024-07-19 06:44:35', 'Ketua Ruang Logout'),
(23, 0, NULL, '2024-07-19 06:45:28', 'Kepala Sekolah Login'),
(24, 1, NULL, '2024-07-22 05:38:49', 'ADMIN Login'),
(25, 1, NULL, '2024-07-22 05:40:21', 'Mengedit Informasi Guru'),
(26, 1, NULL, '2024-07-22 05:40:44', 'Mengedit Informasi Kepsek'),
(27, 0, 8, '2024-07-22 05:43:21', 'Ketua Ruang Login'),
(28, 0, 8, '2024-07-22 05:45:28', 'Menambahkan Barang CPU'),
(29, 0, 8, '2024-07-22 05:45:57', 'Menambahkan Barang Meja'),
(30, 0, 8, '2024-07-22 05:46:22', 'Menambahkan Barang Kursi'),
(31, 0, 8, '2024-07-22 05:46:48', 'Menambahkan Barang Optical Power Meter'),
(32, 0, 8, '2024-07-22 05:47:17', 'Menambahkan Barang VFL'),
(33, 0, 8, '2024-07-22 05:47:47', 'Menambahkan Barang Fiber Cleaver'),
(34, 0, 8, '2024-07-22 05:48:25', 'Menambahkan Barang Miller Clamp'),
(35, 0, 8, '2024-07-22 05:48:53', 'Menambahkan Barang Wire Strippe'),
(36, 0, 8, '2024-07-22 05:49:23', 'Menambahkan Barang Sqeezed Alcohol Bottle'),
(37, 0, 8, '2024-07-22 05:49:44', 'Menambahkan Barang Bag'),
(38, 0, 8, '2024-07-22 05:50:26', 'Menambahkan Barang Hexagon Length Control'),
(39, 0, 8, '2024-07-22 05:51:12', 'Menambahkan Barang Kabel UTP'),
(40, 0, 8, '2024-07-22 05:51:53', 'Menambahkan Barang Kabel Fiber Optic'),
(41, 0, 8, '2024-07-22 05:52:16', 'Menambahkan Barang Splicer Splicing'),
(42, 0, 8, '2024-07-22 05:52:42', 'Menambahkan Barang Printer 3D'),
(43, 0, 8, '2024-07-22 05:53:04', 'Menambahkan Barang Server'),
(44, 0, 8, '2024-07-22 05:53:36', 'Menambahkan Barang Laptop'),
(45, 0, 8, '2024-07-22 05:53:53', 'Ketua Ruang Logout'),
(46, 0, 10, '2024-07-22 05:54:15', 'Ketua Ruang Login'),
(47, 0, 10, '2024-07-22 05:57:01', 'Menambahkan Barang Kunci Pas '),
(48, 0, 10, '2024-07-22 05:57:28', 'Menambahkan Barang Kunci Pas – Ring '),
(49, 0, 10, '2024-07-22 05:58:17', 'Menambahkan Barang Kunci Ring'),
(50, 0, 10, '2024-07-22 05:58:42', 'Menambahkan Barang Kunci Nipel'),
(51, 0, 10, '2024-07-22 05:59:10', 'Menambahkan Barang Kunci sock segi enam ganda'),
(52, 0, 10, '2024-07-22 05:59:38', 'Menambahkan Barang Kunci Busi'),
(53, 0, 10, '2024-07-22 06:00:02', 'Menambahkan Barang Kunci Roda'),
(54, 0, 10, '2024-07-22 06:00:35', 'Menambahkan Barang Kunci Sock Bintang '),
(55, 0, 10, '2024-07-22 06:00:58', 'Menambahkan Barang Kunci Inggris'),
(56, 0, 10, '2024-07-22 06:01:36', 'Menambahkan Barang Obeng'),
(57, 0, 10, '2024-07-22 06:01:53', 'Menambahkan Barang Tang'),
(58, 0, 10, '2024-07-22 06:02:27', 'Menambahkan Barang Penjepit'),
(59, 0, 10, '2024-07-22 06:02:51', 'Menambahkan Barang Pemotong Pipa'),
(60, 0, 10, '2024-07-22 06:03:29', 'Menambahkan Barang Gunting Rem'),
(61, 0, 10, '2024-07-22 06:03:52', 'Menambahkan Barang Alat Perbaikan OBD-II'),
(62, 0, 10, '2024-07-22 06:04:18', 'Menambahkan Barang Mesin Gerinda'),
(63, 0, 10, '2024-07-22 06:04:34', 'Ketua Ruang Logout'),
(64, 0, 11, '2024-07-22 06:05:05', 'Ketua Ruang Login'),
(65, 0, 11, '2024-07-22 06:05:49', 'Menambahkan Barang Komputer set'),
(66, 0, 11, '2024-07-22 06:06:16', 'Menambahkan Barang AC'),
(67, 0, 11, '2024-07-22 06:06:37', 'Menambahkan Barang Kipas Angin'),
(68, 0, 11, '2024-07-22 06:06:58', 'Menambahkan Barang Lemari Besi'),
(69, 0, 11, '2024-07-22 06:07:29', 'Menambahkan Barang Access Point'),
(70, 0, 11, '2024-07-22 06:07:43', 'Menambahkan Barang Server'),
(71, 0, 11, '2024-07-22 06:08:06', 'Menambahkan Barang Meja'),
(72, 0, 11, '2024-07-22 06:08:25', 'Menambahkan Barang Printer 3D'),
(73, 0, 11, '2024-07-22 06:08:56', 'Menambahkan Barang HVS'),
(74, 0, 11, '2024-07-22 06:09:28', 'Menambahkan Barang Speaker'),
(75, 0, 11, '2024-07-22 06:10:15', 'Menambahkan Barang Proyektor'),
(76, 0, 11, '2024-07-22 06:11:03', 'Menambahkan Peminjaman 10'),
(77, 1, NULL, '2024-07-22 06:11:45', 'ADMIN Login'),
(78, 1, NULL, '2024-07-22 06:12:37', 'Menambahkan Akun PJ Ruang PJ1'),
(79, 0, 11, '2024-07-22 06:12:49', 'Ketua Ruang Logout'),
(80, 0, 12, '2024-07-22 06:13:01', 'Ketua Ruang Login'),
(81, 0, 12, '2024-07-22 06:13:52', 'Menambahkan Barang Mesin las'),
(82, 0, 12, '2024-07-22 06:14:12', 'Menambahkan Barang Kabel Massa'),
(83, 0, 12, '2024-07-22 06:14:33', 'Menambahkan Barang Klem Massa'),
(84, 0, 12, '2024-07-22 06:15:00', 'Menambahkan Barang Kabel Elektroda'),
(85, 0, 12, '2024-07-22 06:15:40', 'Menambahkan Barang Elektroda'),
(86, 0, 12, '2024-07-22 06:16:02', 'Menambahkan Barang Pemegang kawat las atau Holder'),
(87, 0, 12, '2024-07-22 06:16:20', 'Menambahkan Barang Palu Las'),
(88, 0, 12, '2024-07-22 06:16:39', 'Menambahkan Barang Sikat Baja'),
(89, 0, 12, '2024-07-22 06:18:04', 'Menambahkan Peminjaman 2'),
(90, 0, 12, '2024-07-22 06:19:06', 'Ketua Ruang Logout'),
(91, 0, 8, '2024-07-22 06:19:20', 'Ketua Ruang Login'),
(92, 0, 8, '2024-07-22 06:20:06', 'Menambahkan Peminjaman 2'),
(93, 0, 8, '2024-07-22 06:20:50', 'Ketua Ruang Logout'),
(94, 0, NULL, '2024-07-22 06:21:04', 'Kepala Sekolah Login'),
(95, 0, 8, '2024-07-25 10:32:18', 'Ketua Ruang Login'),
(96, 1, NULL, '2024-07-25 11:05:54', 'ADMIN Login'),
(97, 1, NULL, '2024-07-25 11:09:26', 'Mengedit Informasi User'),
(98, 0, 8, '2024-07-25 11:10:00', 'Menambahkan Peminjaman 1'),
(99, 1, NULL, '2024-07-25 11:15:09', 'Menambahkan Akun PJ Ruang PJ bengkel TKR'),
(100, 1, NULL, '2024-07-25 11:18:59', 'Menambahkan Akun Users ARIZ KAUTHSAR RIZQULLAH'),
(101, 0, 8, '2024-07-25 11:19:32', 'Menambahkan Peminjaman 15'),
(102, 1, NULL, '2024-07-25 11:21:49', 'Menambahkan Akun Users LEO'),
(103, 0, 8, '2024-07-25 11:22:27', 'Menambahkan Peminjaman 16'),
(104, 1, NULL, '2024-07-25 11:24:24', 'Menambahkan Akun Users LANY ASSANDRA'),
(105, 0, 8, '2024-07-25 11:24:53', 'Menambahkan Peminjaman 17'),
(106, 0, 8, '2024-08-11 13:49:40', 'Ketua Ruang Login'),
(107, 0, 8, '2024-08-11 13:51:37', '11 Dikemebalikan'),
(108, 0, 8, '2024-08-11 15:01:29', '10 Dikemebalikan'),
(109, 0, 8, '2024-08-11 15:09:45', '14 Dikemebalikan'),
(110, 1, NULL, '2024-08-12 11:30:39', 'ADMIN Login'),
(111, 1, NULL, '2024-08-12 22:47:47', 'ADMIN Login'),
(112, 1, NULL, '2024-08-12 22:49:54', 'Menambahkan Akun Users ABI SETIYA KUSUMA'),
(113, 1, NULL, '2024-08-12 22:53:14', 'Menambahkan Akun PJ Ruang NASIKIN'),
(114, 1, NULL, '2024-08-12 23:08:59', 'ADMIN Logout'),
(115, 0, 8, '2024-08-12 23:09:23', 'Ketua Ruang Login'),
(116, 0, 8, '2024-08-12 23:11:42', 'Menambahkan Barang obeng +'),
(117, 0, 8, '2024-08-12 23:14:03', 'Menambahkan Peminjaman 11'),
(118, 0, 8, '2024-08-12 23:14:53', '13 Dikemebalikan'),
(119, 0, NULL, '2024-08-12 23:25:43', 'Kepala Sekolah Login'),
(120, 1, NULL, '2024-08-24 21:34:29', 'ADMIN Login'),
(121, 1, NULL, '2024-08-24 21:42:50', 'Menambahkan Akun PJ Ruang SINTIA'),
(122, 1, NULL, '2024-08-24 21:49:55', 'ADMIN Login'),
(123, 1, NULL, '2024-08-24 21:54:12', 'Menambahkan Akun Users ZULI IKHSANTO, S.Kom'),
(124, 1, NULL, '2024-08-24 22:06:05', 'Menambahkan Akun PJ Ruang SINTIA'),
(125, 0, 16, '2024-08-24 22:24:14', 'Ketua Ruang Login'),
(126, 0, 16, '2024-08-24 22:24:52', 'Ketua Ruang Login'),
(127, 0, 16, '2024-08-24 22:26:27', 'Menambahkan Barang Kalkulator'),
(128, 0, 16, '2024-08-24 22:28:21', 'Menambahkan Peminjaman 14'),
(129, 0, 16, '2024-08-24 22:28:58', 'Mengedit data peminjaman 16'),
(130, 0, 16, '2024-08-24 22:29:06', '16 Dikemebalikan'),
(131, 0, 16, '2024-08-24 22:29:49', 'Ketua Ruang Logout'),
(132, 0, NULL, '2024-08-24 22:31:41', 'Kepala Sekolah Login'),
(133, 0, NULL, '2024-08-24 22:32:02', 'Kepala Sekolah Login'),
(134, 0, 16, '2024-08-24 22:33:40', 'Ketua Ruang Logout'),
(135, 0, 8, '2024-08-24 22:34:24', 'Ketua Ruang Login'),
(136, 0, 8, '2024-08-24 22:35:20', 'Ketua Ruang Login'),
(137, 0, 8, '2024-08-24 22:36:12', 'Ketua Ruang Logout'),
(138, 0, 14, '2024-08-24 22:37:31', 'Ketua Ruang Login'),
(139, 0, 14, '2024-08-24 22:38:05', 'Menambahkan Barang Camera'),
(140, 0, 14, '2024-08-24 22:38:15', 'Ketua Ruang Logout'),
(141, 0, 10, '2024-08-24 22:38:36', 'Ketua Ruang Login'),
(142, 0, 10, '2024-08-24 22:39:11', 'Menambahkan Peminjaman 16'),
(143, 0, 10, '2024-08-24 22:39:20', 'Ketua Ruang Logout'),
(144, 0, 13, '2024-08-24 22:39:43', 'Ketua Ruang Login'),
(145, 0, 13, '2024-08-24 22:40:01', 'Ketua Ruang Logout'),
(146, 0, 12, '2024-08-24 22:40:40', 'Ketua Ruang Login'),
(147, 0, 12, '2024-08-24 22:40:56', 'Ketua Ruang Logout'),
(148, 0, 11, '2024-08-24 22:41:35', 'Ketua Ruang Login'),
(149, 0, 11, '2024-08-24 22:42:19', 'Ketua Ruang Logout'),
(150, 1, NULL, '2024-08-24 22:47:01', 'ADMIN Login'),
(151, 1, NULL, '2024-08-24 22:49:23', 'Menambahkan Akun Users sinta'),
(152, 1, NULL, '2024-08-24 22:49:31', 'ADMIN Logout'),
(153, 0, 8, '2024-08-24 22:50:11', 'Ketua Ruang Login'),
(154, 0, 8, '2024-08-24 22:50:52', 'Menambahkan Peminjaman 20'),
(155, 0, 8, '2024-08-24 22:51:07', 'Ketua Ruang Logout'),
(156, 0, 13, '2024-08-24 22:51:31', 'Ketua Ruang Login'),
(157, 0, 13, '2024-08-24 22:52:52', 'Menambahkan Barang obeng'),
(158, 0, 13, '2024-08-24 22:53:28', 'Menambahkan Peminjaman 17'),
(159, 0, 13, '2024-08-24 22:53:34', 'Ketua Ruang Logout'),
(160, 0, 10, '2024-08-24 22:54:20', 'Ketua Ruang Login'),
(161, 0, 10, '2024-08-24 22:54:55', 'Menambahkan Barang hvs'),
(162, 0, 10, '2024-08-24 22:55:36', 'Ketua Ruang Logout'),
(163, 0, 12, '2024-08-24 22:55:58', 'Ketua Ruang Login'),
(164, 0, 12, '2024-08-24 22:56:50', 'Menambahkan Peminjaman 15'),
(165, 0, 12, '2024-08-24 22:56:57', 'Ketua Ruang Logout'),
(166, 0, 16, '2024-08-24 22:57:13', 'Ketua Ruang Login'),
(167, 0, 16, '2024-08-24 22:57:59', 'Menambahkan Barang buku folio'),
(168, 0, 16, '2024-08-24 22:58:37', 'Menambahkan Peminjaman 11'),
(169, 0, 16, '2024-08-24 22:58:47', 'Ketua Ruang Logout'),
(170, 0, 14, '2024-08-24 22:59:07', 'Ketua Ruang Login'),
(171, 0, 14, '2024-08-24 22:59:53', 'Menambahkan Barang karpet'),
(172, 0, 14, '2024-08-24 23:00:30', 'Menambahkan Peminjaman 19'),
(173, 0, 14, '2024-08-24 23:00:36', 'Ketua Ruang Logout'),
(174, 0, NULL, '2024-08-24 23:00:51', 'Kepala Sekolah Login'),
(175, 1, NULL, '2024-08-24 23:04:34', 'ADMIN Login'),
(176, 1, NULL, '2024-08-24 23:04:34', 'Menambahkan Akun Users sinta'),
(177, 1, NULL, '2024-08-24 23:04:34', 'ADMIN Logout'),
(178, 0, 8, '2024-08-24 23:04:34', 'Ketua Ruang Login'),
(179, 0, 8, '2024-08-24 23:04:34', 'Menambahkan Peminjaman 20'),
(180, 0, 8, '2024-08-24 23:04:34', 'Ketua Ruang Logout'),
(181, 0, 13, '2024-08-24 23:04:34', 'Ketua Ruang Login'),
(182, 0, 13, '2024-08-24 23:04:34', 'Menambahkan Barang obeng'),
(183, 0, 13, '2024-08-24 23:04:34', 'Menambahkan Peminjaman 17'),
(184, 0, 13, '2024-08-24 23:04:34', 'Ketua Ruang Logout'),
(185, 0, 10, '2024-08-24 23:04:34', 'Ketua Ruang Login'),
(186, 0, 10, '2024-08-24 23:04:34', 'Menambahkan Barang hvs'),
(187, 0, 10, '2024-08-24 23:04:34', 'Ketua Ruang Logout'),
(188, 0, 12, '2024-08-24 23:04:34', 'Ketua Ruang Login'),
(189, 0, 12, '2024-08-24 23:04:34', 'Menambahkan Peminjaman 15'),
(190, 0, 12, '2024-08-24 23:04:34', 'Ketua Ruang Logout'),
(191, 0, 16, '2024-08-24 23:04:34', 'Ketua Ruang Login'),
(192, 0, 16, '2024-08-24 23:04:34', 'Menambahkan Barang buku folio'),
(193, 0, 16, '2024-08-24 23:04:34', 'Menambahkan Peminjaman 11'),
(194, 0, 16, '2024-08-24 23:04:34', 'Ketua Ruang Logout'),
(195, 0, 14, '2024-08-24 23:04:34', 'Ketua Ruang Login'),
(196, 0, 14, '2024-08-24 23:04:35', 'Menambahkan Barang karpet'),
(197, 0, 14, '2024-08-24 23:04:35', 'Menambahkan Peminjaman 19'),
(198, 0, 14, '2024-08-24 23:04:35', 'Ketua Ruang Logout'),
(199, 0, NULL, '2024-08-24 23:04:35', 'Kepala Sekolah Login'),
(200, 1, NULL, '2024-08-24 23:08:24', 'ADMIN Login'),
(201, 1, NULL, '2024-08-24 23:08:32', 'ADMIN Login'),
(202, 1, NULL, '2024-08-24 23:08:33', 'ADMIN Login'),
(203, 1, NULL, '2024-08-24 23:08:34', 'ADMIN Login'),
(204, 1, NULL, '2024-08-24 23:09:02', 'ADMIN Login'),
(205, 1, NULL, '2024-08-24 23:10:35', 'Menambahkan Akun Users sinta'),
(206, 1, NULL, '2024-08-24 23:10:42', 'Menambahkan Akun Users sinta'),
(207, 1, NULL, '2024-08-24 23:10:44', 'ADMIN Logout'),
(208, 1, NULL, '2024-08-24 23:10:51', 'Menambahkan Akun Users sinta'),
(209, 1, NULL, '2024-08-24 23:10:51', 'Menambahkan Akun Users sinta'),
(210, 1, NULL, '2024-08-24 23:10:52', 'ADMIN Logout'),
(211, 1, NULL, '2024-08-24 23:10:59', 'ADMIN Logout'),
(212, 1, NULL, '2024-08-24 23:10:59', 'ADMIN Logout'),
(213, 0, 8, '2024-08-24 23:11:20', 'Ketua Ruang Login'),
(214, 1, NULL, '2024-08-24 23:11:21', 'Menambahkan Akun Users sinta'),
(215, 0, 8, '2024-08-24 23:11:31', 'Ketua Ruang Login'),
(216, 1, NULL, '2024-08-24 23:11:33', 'ADMIN Logout'),
(217, 0, 8, '2024-08-24 23:11:42', 'Ketua Ruang Login'),
(218, 0, 8, '2024-08-24 23:11:42', 'Ketua Ruang Login'),
(219, 0, 8, '2024-08-24 23:11:54', 'Menambahkan Peminjaman 20'),
(220, 0, 8, '2024-08-24 23:12:08', 'Menambahkan Peminjaman 20'),
(221, 0, 8, '2024-08-24 23:12:12', 'Ketua Ruang Logout'),
(222, 0, 8, '2024-08-24 23:12:19', 'Menambahkan Peminjaman 20'),
(223, 0, 8, '2024-08-24 23:12:20', 'Menambahkan Peminjaman 20'),
(224, 0, 8, '2024-08-24 23:12:22', 'Ketua Ruang Logout'),
(225, 0, 8, '2024-08-24 23:12:24', 'Ketua Ruang Login'),
(226, 0, 8, '2024-08-24 23:12:35', 'Ketua Ruang Logout'),
(227, 0, 8, '2024-08-24 23:12:36', 'Ketua Ruang Logout'),
(228, 0, 13, '2024-08-24 23:12:38', 'Ketua Ruang Login'),
(229, 0, 13, '2024-08-24 23:12:41', 'Ketua Ruang Login'),
(230, 0, 13, '2024-08-24 23:12:55', 'Ketua Ruang Login'),
(231, 0, 8, '2024-08-24 23:13:04', 'Menambahkan Peminjaman 20'),
(232, 0, 13, '2024-08-24 23:13:09', 'Ketua Ruang Login'),
(233, 0, 8, '2024-08-24 23:13:20', 'Ketua Ruang Logout'),
(234, 0, 13, '2024-08-24 23:13:38', 'Ketua Ruang Login'),
(235, 0, 13, '2024-08-24 23:13:50', 'Menambahkan Barang obeng'),
(236, 0, 13, '2024-08-24 23:13:55', 'Menambahkan Barang obeng'),
(237, 0, 13, '2024-08-24 23:14:24', 'Menambahkan Peminjaman 17'),
(238, 0, 13, '2024-08-24 23:14:26', 'Menambahkan Barang obeng'),
(239, 0, 13, '2024-08-24 23:14:28', 'Ketua Ruang Logout'),
(240, 0, 13, '2024-08-24 23:14:31', 'Menambahkan Barang obeng'),
(241, 0, 13, '2024-08-24 23:14:36', 'Menambahkan Peminjaman 17'),
(242, 0, 13, '2024-08-24 23:14:44', 'Ketua Ruang Logout'),
(243, 0, 13, '2024-08-24 23:15:26', 'Menambahkan Barang obeng'),
(244, 0, 13, '2024-08-24 23:15:26', 'Menambahkan Peminjaman 17'),
(245, 0, 13, '2024-08-24 23:15:28', 'Ketua Ruang Logout'),
(246, 0, 10, '2024-08-24 23:15:28', 'Ketua Ruang Login'),
(247, 0, 13, '2024-08-24 23:15:28', 'Menambahkan Peminjaman 17'),
(248, 0, 13, '2024-08-24 23:15:38', 'Ketua Ruang Logout'),
(249, 0, 10, '2024-08-24 23:15:43', 'Ketua Ruang Login'),
(250, 0, 13, '2024-08-24 23:15:56', 'Menambahkan Peminjaman 17'),
(251, 0, 10, '2024-08-24 23:16:01', 'Menambahkan Barang hvs'),
(252, 0, 13, '2024-08-24 23:16:03', 'Ketua Ruang Logout'),
(253, 0, 10, '2024-08-24 23:16:08', 'Ketua Ruang Login'),
(254, 0, 10, '2024-08-24 23:16:18', 'Menambahkan Barang hvs'),
(255, 0, 10, '2024-08-24 23:16:18', 'Ketua Ruang Login'),
(256, 0, 10, '2024-08-24 23:16:37', 'Menambahkan Barang hvs'),
(257, 0, 10, '2024-08-24 23:16:42', 'Ketua Ruang Logout'),
(258, 0, 10, '2024-08-24 23:16:51', 'Ketua Ruang Login'),
(259, 0, 10, '2024-08-24 23:16:52', 'Ketua Ruang Logout'),
(260, 0, 10, '2024-08-24 23:17:02', 'Menambahkan Barang hvs'),
(261, 0, 12, '2024-08-24 23:17:07', 'Ketua Ruang Login'),
(262, 0, 12, '2024-08-24 23:17:17', 'Ketua Ruang Login'),
(263, 0, 10, '2024-08-24 23:17:20', 'Menambahkan Barang hvs'),
(264, 0, 10, '2024-08-24 23:17:24', 'Ketua Ruang Logout'),
(265, 0, 10, '2024-08-24 23:17:37', 'Ketua Ruang Logout'),
(266, 0, 12, '2024-08-24 23:17:53', 'Ketua Ruang Login'),
(267, 1, NULL, '2024-08-25 15:20:30', 'ADMIN Login'),
(268, 1, NULL, '2024-08-25 15:23:07', 'ADMIN Login'),
(269, 1, NULL, '2024-08-25 15:24:51', 'ADMIN Login'),
(270, 1, NULL, '2024-08-25 15:24:58', 'ADMIN Login'),
(271, 1, NULL, '2024-08-25 15:25:08', 'ADMIN Login'),
(272, 1, NULL, '2024-08-25 15:25:25', 'ADMIN Login'),
(273, 1, NULL, '2024-08-25 15:25:30', 'ADMIN Login'),
(274, 1, NULL, '2024-08-25 15:25:36', 'ADMIN Login'),
(275, 1, NULL, '2024-08-25 15:25:48', 'ADMIN Login'),
(276, 1, NULL, '2024-08-25 15:25:50', 'ADMIN Login'),
(277, 1, NULL, '2024-08-25 15:25:51', 'ADMIN Login'),
(278, 1, NULL, '2024-08-25 15:26:01', 'ADMIN Login'),
(279, 1, NULL, '2024-08-25 15:26:05', 'ADMIN Login'),
(280, 1, NULL, '2024-08-25 15:26:09', 'ADMIN Login'),
(281, 1, NULL, '2024-08-25 15:26:12', 'ADMIN Login'),
(282, 1, NULL, '2024-08-25 15:26:18', 'ADMIN Login'),
(283, 1, NULL, '2024-08-25 15:26:22', 'ADMIN Login'),
(284, 1, NULL, '2024-08-25 15:26:25', 'ADMIN Login'),
(285, 1, NULL, '2024-08-25 15:26:32', 'ADMIN Login'),
(286, 1, NULL, '2024-08-25 15:26:36', 'ADMIN Login'),
(287, 1, NULL, '2024-08-25 15:26:36', 'ADMIN Login'),
(288, 1, NULL, '2024-08-25 15:26:39', 'ADMIN Login'),
(289, 1, NULL, '2024-08-25 15:26:40', 'ADMIN Login'),
(290, 1, NULL, '2024-08-25 15:26:42', 'ADMIN Login'),
(291, 1, NULL, '2024-08-25 15:26:50', 'ADMIN Login'),
(292, 1, NULL, '2024-08-25 15:26:59', 'ADMIN Login'),
(293, 1, NULL, '2024-08-25 15:27:05', 'ADMIN Login'),
(294, 1, NULL, '2024-08-25 15:27:05', 'ADMIN Login'),
(295, 1, NULL, '2024-08-25 15:27:06', 'ADMIN Login'),
(296, 1, NULL, '2024-08-25 15:27:12', 'ADMIN Login'),
(297, 1, NULL, '2024-08-25 15:27:15', 'ADMIN Login'),
(298, 1, NULL, '2024-08-25 15:27:15', 'ADMIN Login'),
(299, 1, NULL, '2024-08-25 15:27:15', 'ADMIN Login'),
(300, 1, NULL, '2024-08-25 15:27:16', 'ADMIN Login'),
(301, 1, NULL, '2024-08-25 15:27:23', 'ADMIN Login'),
(302, 1, NULL, '2024-08-25 15:27:24', 'ADMIN Login'),
(303, 1, NULL, '2024-08-25 15:27:27', 'ADMIN Login'),
(304, 1, NULL, '2024-08-25 15:27:28', 'ADMIN Login'),
(305, 1, NULL, '2024-08-25 15:27:29', 'ADMIN Login'),
(306, 1, NULL, '2024-08-25 15:27:30', 'ADMIN Login'),
(307, 1, NULL, '2024-08-25 15:27:38', 'ADMIN Login'),
(308, 1, NULL, '2024-08-25 15:27:40', 'ADMIN Login'),
(309, 1, NULL, '2024-08-25 15:27:43', 'ADMIN Login'),
(310, 1, NULL, '2024-08-25 15:27:46', 'ADMIN Login'),
(311, 1, NULL, '2024-08-25 15:27:51', 'ADMIN Login'),
(312, 1, NULL, '2024-08-25 15:27:55', 'ADMIN Login'),
(313, 1, NULL, '2024-08-25 15:27:55', 'ADMIN Login'),
(314, 1, NULL, '2024-08-25 15:27:56', 'ADMIN Login'),
(315, 1, NULL, '2024-08-25 15:27:59', 'ADMIN Login'),
(316, 1, NULL, '2024-08-25 15:28:00', 'ADMIN Login'),
(317, 1, NULL, '2024-08-25 15:28:02', 'ADMIN Login'),
(318, 1, NULL, '2024-08-25 15:28:04', 'ADMIN Login'),
(319, 1, NULL, '2024-08-25 15:28:06', 'ADMIN Login'),
(320, 1, NULL, '2024-08-25 15:28:09', 'ADMIN Login'),
(321, 1, NULL, '2024-08-25 15:28:11', 'ADMIN Login'),
(322, 1, NULL, '2024-08-25 15:28:11', 'ADMIN Login'),
(323, 1, NULL, '2024-08-25 15:28:12', 'ADMIN Login'),
(324, 1, NULL, '2024-08-25 15:28:13', 'ADMIN Login'),
(325, 1, NULL, '2024-08-25 15:28:16', 'ADMIN Login'),
(326, 1, NULL, '2024-08-25 15:28:19', 'ADMIN Login'),
(327, 1, NULL, '2024-08-25 15:28:26', 'ADMIN Login'),
(328, 1, NULL, '2024-08-25 15:28:31', 'ADMIN Login'),
(329, 1, NULL, '2024-08-25 15:28:37', 'ADMIN Login'),
(330, 1, NULL, '2024-08-25 15:28:40', 'ADMIN Login'),
(331, 1, NULL, '2024-08-25 15:28:40', 'ADMIN Login'),
(332, 1, NULL, '2024-08-25 15:28:41', 'ADMIN Login'),
(333, 1, NULL, '2024-08-25 15:28:42', 'ADMIN Login'),
(334, 1, NULL, '2024-08-25 15:28:47', 'ADMIN Login'),
(335, 1, NULL, '2024-08-25 15:28:47', 'ADMIN Login'),
(336, 1, NULL, '2024-08-25 15:28:53', 'ADMIN Login'),
(337, 1, NULL, '2024-08-25 15:28:55', 'ADMIN Login'),
(338, 1, NULL, '2024-08-25 15:28:57', 'ADMIN Login'),
(339, 1, NULL, '2024-08-25 15:28:58', 'ADMIN Login'),
(340, 1, NULL, '2024-08-25 15:28:59', 'ADMIN Login'),
(341, 1, NULL, '2024-08-25 15:29:00', 'ADMIN Login'),
(342, 1, NULL, '2024-08-25 15:29:01', 'ADMIN Login'),
(343, 1, NULL, '2024-08-25 15:29:02', 'ADMIN Login'),
(344, 1, NULL, '2024-08-25 15:29:08', 'ADMIN Login'),
(345, 1, NULL, '2024-08-25 15:29:08', 'ADMIN Login'),
(346, 1, NULL, '2024-08-25 15:29:12', 'ADMIN Login'),
(347, 1, NULL, '2024-08-25 15:29:15', 'ADMIN Login'),
(348, 1, NULL, '2024-08-25 15:29:17', 'ADMIN Login'),
(349, 1, NULL, '2024-08-25 15:29:27', 'ADMIN Login'),
(350, 1, NULL, '2024-08-25 15:30:29', 'ADMIN Login'),
(351, 1, NULL, '2024-08-25 15:30:35', 'ADMIN Login'),
(352, 1, NULL, '2024-08-25 15:30:36', 'ADMIN Login'),
(353, 1, NULL, '2024-08-25 15:30:50', 'ADMIN Login'),
(354, 1, NULL, '2024-08-25 15:30:58', 'ADMIN Login'),
(355, 1, NULL, '2024-08-25 15:31:07', 'ADMIN Login'),
(356, 1, NULL, '2024-08-25 15:31:12', 'ADMIN Login'),
(357, 1, NULL, '2024-08-25 15:31:18', 'ADMIN Login'),
(358, 1, NULL, '2024-08-25 15:31:22', 'ADMIN Login'),
(359, 1, NULL, '2024-08-25 15:31:28', 'ADMIN Login'),
(360, 1, NULL, '2024-08-25 15:31:31', 'ADMIN Login'),
(361, 1, NULL, '2024-08-25 15:31:32', 'ADMIN Login'),
(362, 1, NULL, '2024-08-25 15:31:45', 'ADMIN Login'),
(363, 1, NULL, '2024-08-25 15:31:51', 'ADMIN Login'),
(364, 1, NULL, '2024-08-25 15:31:52', 'ADMIN Login'),
(365, 1, NULL, '2024-08-25 15:31:55', 'ADMIN Login'),
(366, 1, NULL, '2024-08-25 15:32:01', 'ADMIN Login'),
(367, 1, NULL, '2024-08-25 15:32:03', 'ADMIN Login'),
(368, 1, NULL, '2024-08-25 15:32:09', 'ADMIN Login'),
(369, 1, NULL, '2024-08-25 15:32:10', 'ADMIN Login'),
(370, 1, NULL, '2024-08-25 15:32:12', 'ADMIN Login'),
(371, 1, NULL, '2024-08-25 15:32:18', 'ADMIN Login'),
(372, 1, NULL, '2024-08-25 15:32:19', 'ADMIN Login'),
(373, 1, NULL, '2024-08-25 15:32:26', 'ADMIN Login'),
(374, 1, NULL, '2024-08-25 15:32:26', 'ADMIN Login'),
(375, 1, NULL, '2024-08-25 15:32:27', 'ADMIN Login'),
(376, 1, NULL, '2024-08-25 15:32:28', 'ADMIN Login'),
(377, 1, NULL, '2024-08-25 15:32:35', 'ADMIN Login'),
(378, 1, NULL, '2024-08-25 15:32:39', 'ADMIN Login'),
(379, 1, NULL, '2024-08-25 15:32:43', 'ADMIN Login'),
(380, 1, NULL, '2024-08-25 15:32:45', 'ADMIN Login'),
(381, 1, NULL, '2024-08-25 15:32:50', 'ADMIN Login'),
(382, 1, NULL, '2024-08-25 15:32:53', 'ADMIN Login'),
(383, 1, NULL, '2024-08-25 15:32:59', 'ADMIN Login'),
(384, 1, NULL, '2024-08-25 15:33:01', 'ADMIN Login'),
(385, 1, NULL, '2024-08-25 15:33:01', 'ADMIN Login'),
(386, 1, NULL, '2024-08-25 15:33:04', 'ADMIN Login'),
(387, 1, NULL, '2024-08-25 15:33:06', 'ADMIN Login'),
(388, 1, NULL, '2024-08-25 15:33:08', 'ADMIN Login'),
(389, 1, NULL, '2024-08-25 15:33:11', 'ADMIN Login'),
(390, 1, NULL, '2024-08-25 15:33:11', 'ADMIN Login'),
(391, 1, NULL, '2024-08-25 15:33:11', 'ADMIN Login'),
(392, 1, NULL, '2024-08-25 15:33:12', 'ADMIN Login'),
(393, 1, NULL, '2024-08-25 15:33:20', 'ADMIN Login'),
(394, 1, NULL, '2024-08-25 15:33:21', 'ADMIN Login'),
(395, 1, NULL, '2024-08-25 15:33:26', 'ADMIN Login'),
(396, 1, NULL, '2024-08-25 15:33:27', 'ADMIN Login'),
(397, 1, NULL, '2024-08-25 15:33:28', 'ADMIN Login'),
(398, 1, NULL, '2024-08-25 15:33:31', 'ADMIN Login'),
(399, 1, NULL, '2024-08-25 15:33:32', 'ADMIN Login'),
(400, 1, NULL, '2024-08-25 15:33:33', 'ADMIN Login'),
(401, 1, NULL, '2024-08-25 15:33:37', 'ADMIN Login'),
(402, 1, NULL, '2024-08-25 15:33:44', 'ADMIN Login'),
(403, 1, NULL, '2024-08-25 15:33:44', 'ADMIN Login'),
(404, 1, NULL, '2024-08-25 15:33:53', 'ADMIN Login'),
(405, 1, NULL, '2024-08-25 15:33:55', 'ADMIN Login'),
(406, 1, NULL, '2024-08-25 15:33:56', 'ADMIN Login'),
(407, 1, NULL, '2024-08-25 15:33:58', 'ADMIN Login'),
(408, 1, NULL, '2024-08-25 15:33:59', 'ADMIN Login'),
(409, 1, NULL, '2024-08-25 15:34:00', 'ADMIN Login'),
(410, 1, NULL, '2024-08-25 15:34:00', 'ADMIN Login'),
(411, 1, NULL, '2024-08-25 15:34:04', 'ADMIN Login'),
(412, 1, NULL, '2024-08-25 15:34:06', 'ADMIN Login'),
(413, 1, NULL, '2024-08-25 15:34:06', 'ADMIN Login'),
(414, 1, NULL, '2024-08-25 15:34:12', 'ADMIN Login'),
(415, 1, NULL, '2024-08-25 15:34:15', 'ADMIN Login'),
(416, 1, NULL, '2024-08-25 15:34:17', 'ADMIN Login'),
(417, 1, NULL, '2024-08-25 15:34:17', 'ADMIN Login'),
(418, 1, NULL, '2024-08-25 15:34:17', 'ADMIN Login'),
(419, 1, NULL, '2024-08-25 15:34:25', 'ADMIN Login'),
(420, 1, NULL, '2024-08-25 15:34:25', 'ADMIN Login'),
(421, 1, NULL, '2024-08-25 15:34:26', 'ADMIN Login'),
(422, 1, NULL, '2024-08-25 15:34:26', 'ADMIN Login'),
(423, 1, NULL, '2024-08-25 15:34:33', 'ADMIN Login'),
(424, 1, NULL, '2024-08-25 15:34:34', 'ADMIN Login'),
(425, 1, NULL, '2024-08-25 15:34:43', 'ADMIN Login'),
(426, 1, NULL, '2024-08-25 15:34:47', 'ADMIN Login'),
(427, 1, NULL, '2024-08-25 15:34:48', 'ADMIN Login'),
(428, 1, NULL, '2024-08-25 15:34:49', 'ADMIN Login'),
(429, 1, NULL, '2024-08-25 15:34:50', 'ADMIN Login'),
(430, 1, NULL, '2024-08-25 15:34:54', 'ADMIN Login'),
(431, 1, NULL, '2024-08-25 15:34:54', 'ADMIN Login'),
(432, 1, NULL, '2024-08-25 15:34:57', 'ADMIN Login'),
(433, 1, NULL, '2024-08-25 15:38:52', 'ADMIN Logout'),
(434, 0, 8, '2024-08-25 15:39:48', 'Ketua Ruang Login'),
(435, 0, 8, '2024-08-25 15:41:08', 'Ketua Ruang Login'),
(436, 0, 8, '2024-08-25 15:43:21', 'Ketua Ruang Login'),
(437, 0, 8, '2024-08-25 15:43:21', 'Ketua Ruang Login'),
(438, 0, 8, '2024-08-25 15:43:21', 'Ketua Ruang Login'),
(439, 0, 8, '2024-08-25 15:43:21', 'Ketua Ruang Login'),
(440, 0, 8, '2024-08-25 15:43:21', 'Ketua Ruang Login'),
(441, 0, 8, '2024-08-25 15:43:47', 'Ketua Ruang Login'),
(442, 0, 8, '2024-08-25 15:43:49', 'Ketua Ruang Login'),
(443, 0, 8, '2024-08-25 15:43:49', 'Ketua Ruang Login'),
(444, 0, 8, '2024-08-25 15:43:50', 'Ketua Ruang Login'),
(445, 0, 8, '2024-08-25 15:44:05', 'Ketua Ruang Login'),
(446, 0, 8, '2024-08-25 15:44:14', 'Ketua Ruang Login'),
(447, 0, 8, '2024-08-25 15:44:15', 'Ketua Ruang Login'),
(448, 0, 8, '2024-08-25 15:44:27', 'Ketua Ruang Login'),
(449, 0, 8, '2024-08-25 15:44:28', 'Ketua Ruang Login'),
(450, 0, 8, '2024-08-25 15:44:36', 'Ketua Ruang Login'),
(451, 0, 8, '2024-08-25 15:44:49', 'Ketua Ruang Login'),
(452, 0, 8, '2024-08-25 15:44:50', 'Ketua Ruang Login'),
(453, 0, 8, '2024-08-25 15:45:00', 'Ketua Ruang Login'),
(454, 0, 8, '2024-08-25 15:45:03', 'Ketua Ruang Login'),
(455, 0, 8, '2024-08-25 15:45:08', 'Ketua Ruang Login'),
(456, 0, 8, '2024-08-25 15:45:23', 'Ketua Ruang Login'),
(457, 0, 8, '2024-08-25 15:45:30', 'Ketua Ruang Login'),
(458, 0, 8, '2024-08-25 15:45:30', 'Ketua Ruang Login'),
(459, 0, 8, '2024-08-25 15:45:37', 'Ketua Ruang Login'),
(460, 0, 8, '2024-08-25 15:45:41', 'Ketua Ruang Login'),
(461, 0, 8, '2024-08-25 15:45:50', 'Ketua Ruang Login'),
(462, 0, 8, '2024-08-25 15:45:59', 'Ketua Ruang Login'),
(463, 0, 8, '2024-08-25 15:45:59', 'Ketua Ruang Login'),
(464, 0, 8, '2024-08-25 15:46:09', 'Ketua Ruang Login'),
(465, 0, 8, '2024-08-25 15:46:19', 'Ketua Ruang Login'),
(466, 0, 8, '2024-08-25 15:46:27', 'Ketua Ruang Login'),
(467, 0, 8, '2024-08-25 15:46:28', 'Ketua Ruang Login'),
(468, 0, 8, '2024-08-25 15:46:40', 'Ketua Ruang Login'),
(469, 0, 8, '2024-08-25 15:46:41', 'Ketua Ruang Login'),
(470, 0, 8, '2024-08-25 15:46:47', 'Ketua Ruang Login'),
(471, 0, 8, '2024-08-25 15:46:58', 'Ketua Ruang Login'),
(472, 0, 8, '2024-08-25 15:47:08', 'Ketua Ruang Login'),
(473, 0, 8, '2024-08-25 15:47:08', 'Ketua Ruang Login'),
(474, 0, 8, '2024-08-25 15:47:12', 'Ketua Ruang Login'),
(475, 0, 8, '2024-08-25 15:47:22', 'Ketua Ruang Login'),
(476, 0, 8, '2024-08-25 15:47:29', 'Ketua Ruang Login'),
(477, 0, 8, '2024-08-25 15:47:42', 'Ketua Ruang Login'),
(478, 0, 8, '2024-08-25 15:47:47', 'Ketua Ruang Login'),
(479, 0, 8, '2024-08-25 15:47:48', 'Ketua Ruang Login'),
(480, 0, 8, '2024-08-25 15:47:49', 'Ketua Ruang Login'),
(481, 0, 8, '2024-08-25 15:47:51', 'Ketua Ruang Login'),
(482, 0, 8, '2024-08-25 15:48:18', 'Ketua Ruang Login'),
(483, 0, 8, '2024-08-25 15:48:19', 'Ketua Ruang Login'),
(484, 0, 8, '2024-08-25 15:48:19', 'Ketua Ruang Login'),
(485, 0, 8, '2024-08-25 15:48:22', 'Ketua Ruang Login'),
(486, 0, 8, '2024-08-25 15:48:30', 'Ketua Ruang Login'),
(487, 0, 8, '2024-08-25 15:48:47', 'Ketua Ruang Login'),
(488, 0, 8, '2024-08-25 15:48:51', 'Ketua Ruang Login'),
(489, 0, 8, '2024-08-25 15:48:55', 'Ketua Ruang Login'),
(490, 0, 8, '2024-08-25 15:48:58', 'Ketua Ruang Login'),
(491, 0, 8, '2024-08-25 15:49:01', 'Ketua Ruang Login'),
(492, 0, 8, '2024-08-25 15:49:12', 'Ketua Ruang Login'),
(493, 0, 8, '2024-08-25 15:49:18', 'Ketua Ruang Login'),
(494, 0, 8, '2024-08-25 15:49:23', 'Ketua Ruang Login'),
(495, 0, 8, '2024-08-25 15:49:24', 'Ketua Ruang Login'),
(496, 0, 8, '2024-08-25 15:49:30', 'Ketua Ruang Login'),
(497, 0, 8, '2024-08-25 15:49:41', 'Ketua Ruang Login'),
(498, 0, 8, '2024-08-25 15:49:47', 'Ketua Ruang Login'),
(499, 0, 8, '2024-08-25 15:49:58', 'Ketua Ruang Login'),
(500, 0, 8, '2024-08-25 15:49:58', 'Ketua Ruang Login'),
(501, 0, 8, '2024-08-25 15:50:03', 'Ketua Ruang Login'),
(502, 0, 8, '2024-08-25 15:50:03', 'Ketua Ruang Login'),
(503, 0, 8, '2024-08-25 15:50:21', 'Ketua Ruang Login'),
(504, 0, 8, '2024-08-25 15:50:26', 'Ketua Ruang Login'),
(505, 0, 8, '2024-08-25 15:50:28', 'Ketua Ruang Login'),
(506, 0, 8, '2024-08-25 15:50:30', 'Ketua Ruang Login'),
(507, 0, 8, '2024-08-25 15:50:39', 'Ketua Ruang Login'),
(508, 0, 8, '2024-08-25 15:50:44', 'Ketua Ruang Login'),
(509, 0, 8, '2024-08-25 15:50:47', 'Ketua Ruang Login'),
(510, 0, 8, '2024-08-25 15:51:02', 'Ketua Ruang Login'),
(511, 0, 8, '2024-08-25 15:51:06', 'Ketua Ruang Login'),
(512, 0, 8, '2024-08-25 15:51:07', 'Ketua Ruang Login'),
(513, 0, 8, '2024-08-25 15:51:10', 'Ketua Ruang Login'),
(514, 0, 8, '2024-08-25 15:51:25', 'Ketua Ruang Login'),
(515, 0, 8, '2024-08-25 15:51:40', 'Ketua Ruang Login'),
(516, 0, 8, '2024-08-25 15:51:42', 'Ketua Ruang Login'),
(517, 0, 8, '2024-08-25 15:51:44', 'Ketua Ruang Login'),
(518, 0, 8, '2024-08-25 15:51:45', 'Ketua Ruang Login'),
(519, 0, 8, '2024-08-25 15:52:03', 'Ketua Ruang Login'),
(520, 0, 8, '2024-08-25 15:52:07', 'Ketua Ruang Login'),
(521, 0, 8, '2024-08-25 15:52:15', 'Ketua Ruang Login'),
(522, 0, 8, '2024-08-25 15:52:23', 'Ketua Ruang Login'),
(523, 0, 8, '2024-08-25 15:52:26', 'Ketua Ruang Login'),
(524, 0, 8, '2024-08-25 15:52:34', 'Ketua Ruang Login'),
(525, 0, 8, '2024-08-25 15:52:46', 'Ketua Ruang Login'),
(526, 0, 8, '2024-08-25 15:52:47', 'Ketua Ruang Login'),
(527, 0, 8, '2024-08-25 15:52:49', 'Ketua Ruang Login'),
(528, 0, 8, '2024-08-25 15:52:59', 'Ketua Ruang Login'),
(529, 0, 8, '2024-08-25 15:53:14', 'Ketua Ruang Login'),
(530, 0, 8, '2024-08-25 15:53:15', 'Ketua Ruang Login'),
(531, 0, 8, '2024-08-25 15:53:15', 'Ketua Ruang Login'),
(532, 0, 8, '2024-08-25 15:53:21', 'Ketua Ruang Login'),
(533, 0, 8, '2024-08-25 15:53:59', 'Ketua Ruang Logout'),
(534, 0, NULL, '2024-08-25 15:54:33', 'Kepala Sekolah Login'),
(535, 0, NULL, '2024-08-25 15:55:54', 'Kepala Sekolah Login'),
(536, 0, 8, '2024-08-25 15:56:05', 'Ketua Ruang Login'),
(537, 0, 8, '2024-08-25 15:56:05', 'Ketua Ruang Login'),
(538, 0, 8, '2024-08-25 15:56:05', 'Ketua Ruang Login'),
(539, 0, 8, '2024-08-25 15:56:05', 'Ketua Ruang Login'),
(540, 0, 8, '2024-08-25 15:56:05', 'Ketua Ruang Login'),
(541, 0, NULL, '2024-08-25 15:56:10', 'Kepala Sekolah Login'),
(542, 0, NULL, '2024-08-25 15:56:11', 'Kepala Sekolah Login'),
(543, 0, NULL, '2024-08-25 15:56:12', 'Kepala Sekolah Login'),
(544, 0, NULL, '2024-08-25 15:56:15', 'Kepala Sekolah Login'),
(545, 0, NULL, '2024-08-25 15:56:17', 'Kepala Sekolah Login'),
(546, 0, NULL, '2024-08-25 15:56:18', 'Kepala Sekolah Login'),
(547, 0, 8, '2024-08-25 15:56:36', 'Ketua Ruang Login'),
(548, 0, NULL, '2024-08-25 15:56:36', 'Kepala Sekolah Login'),
(549, 1, NULL, '2024-08-25 15:56:36', 'ADMIN Login'),
(550, 0, 8, '2024-08-25 15:56:40', 'Ketua Ruang Login'),
(551, 0, 8, '2024-08-25 15:56:40', 'Ketua Ruang Login'),
(552, 0, 8, '2024-08-25 15:56:41', 'Ketua Ruang Login'),
(553, 0, 8, '2024-08-25 15:56:41', 'Ketua Ruang Login'),
(554, 0, 8, '2024-08-25 15:56:41', 'Ketua Ruang Login'),
(555, 0, NULL, '2024-08-25 15:56:47', 'Kepala Sekolah Login'),
(556, 0, NULL, '2024-08-25 15:56:48', 'Kepala Sekolah Login'),
(557, 0, NULL, '2024-08-25 15:56:49', 'Kepala Sekolah Login'),
(558, 0, NULL, '2024-08-25 15:56:49', 'Kepala Sekolah Login'),
(559, 0, NULL, '2024-08-25 15:56:52', 'Kepala Sekolah Login'),
(560, 0, NULL, '2024-08-25 15:57:01', 'Kepala Sekolah Login'),
(561, 0, NULL, '2024-08-25 15:57:02', 'Kepala Sekolah Login'),
(562, 0, NULL, '2024-08-25 15:57:03', 'Kepala Sekolah Login'),
(563, 0, NULL, '2024-08-25 15:57:03', 'Kepala Sekolah Login'),
(564, 0, NULL, '2024-08-25 15:57:05', 'Kepala Sekolah Login'),
(565, 0, 8, '2024-08-25 15:57:07', 'Ketua Ruang Login'),
(566, 0, 8, '2024-08-25 15:57:11', 'Ketua Ruang Login'),
(567, 0, NULL, '2024-08-25 15:57:15', 'Kepala Sekolah Login'),
(568, 0, NULL, '2024-08-25 15:57:16', 'Kepala Sekolah Login'),
(569, 0, NULL, '2024-08-25 15:57:16', 'Kepala Sekolah Login'),
(570, 0, 8, '2024-08-25 15:57:18', 'Ketua Ruang Login'),
(571, 0, NULL, '2024-08-25 15:57:19', 'Kepala Sekolah Login'),
(572, 0, NULL, '2024-08-25 15:57:19', 'Kepala Sekolah Login'),
(573, 0, 8, '2024-08-25 15:57:23', 'Ketua Ruang Login'),
(574, 0, 8, '2024-08-25 15:57:24', 'Ketua Ruang Login'),
(575, 0, NULL, '2024-08-25 15:57:29', 'Kepala Sekolah Login'),
(576, 0, NULL, '2024-08-25 15:57:31', 'Kepala Sekolah Login'),
(577, 0, NULL, '2024-08-25 15:57:32', 'Kepala Sekolah Login'),
(578, 0, NULL, '2024-08-25 15:57:32', 'Kepala Sekolah Login'),
(579, 0, NULL, '2024-08-25 15:57:34', 'Kepala Sekolah Login'),
(580, 0, 8, '2024-08-25 15:57:36', 'Ketua Ruang Login'),
(581, 0, NULL, '2024-08-25 15:57:42', 'Kepala Sekolah Login'),
(582, 0, NULL, '2024-08-25 15:57:42', 'Kepala Sekolah Login'),
(583, 0, NULL, '2024-08-25 15:57:45', 'Kepala Sekolah Login'),
(584, 0, 8, '2024-08-25 15:57:45', 'Ketua Ruang Login'),
(585, 0, NULL, '2024-08-25 15:57:46', 'Kepala Sekolah Login'),
(586, 0, 8, '2024-08-25 15:57:47', 'Ketua Ruang Login'),
(587, 0, NULL, '2024-08-25 15:57:47', 'Kepala Sekolah Login'),
(588, 0, 8, '2024-08-25 15:57:49', 'Ketua Ruang Login'),
(589, 0, NULL, '2024-08-25 15:57:55', 'Kepala Sekolah Login'),
(590, 0, NULL, '2024-08-25 15:57:57', 'Kepala Sekolah Login'),
(591, 0, 8, '2024-08-25 15:57:58', 'Ketua Ruang Login'),
(592, 0, NULL, '2024-08-25 15:57:58', 'Kepala Sekolah Login'),
(593, 0, NULL, '2024-08-25 15:58:00', 'Kepala Sekolah Login'),
(594, 0, NULL, '2024-08-25 15:58:06', 'Kepala Sekolah Login'),
(595, 0, NULL, '2024-08-25 15:58:08', 'Kepala Sekolah Login'),
(596, 0, NULL, '2024-08-25 15:58:09', 'Kepala Sekolah Login'),
(597, 0, NULL, '2024-08-25 15:58:13', 'Kepala Sekolah Login'),
(598, 0, NULL, '2024-08-25 15:58:15', 'Kepala Sekolah Login'),
(599, 0, 8, '2024-08-25 15:58:17', 'Ketua Ruang Login'),
(600, 0, NULL, '2024-08-25 15:58:19', 'Kepala Sekolah Login'),
(601, 0, 8, '2024-08-25 15:58:21', 'Ketua Ruang Login'),
(602, 0, NULL, '2024-08-25 15:58:21', 'Kepala Sekolah Login'),
(603, 0, 8, '2024-08-25 15:58:22', 'Ketua Ruang Login'),
(604, 0, NULL, '2024-08-25 15:58:24', 'Kepala Sekolah Login'),
(605, 0, NULL, '2024-08-25 15:58:25', 'Kepala Sekolah Login'),
(606, 0, NULL, '2024-08-25 15:58:26', 'Kepala Sekolah Login'),
(607, 0, 8, '2024-08-25 15:58:27', 'Ketua Ruang Login'),
(608, 0, 8, '2024-08-25 15:58:32', 'Ketua Ruang Login'),
(609, 0, NULL, '2024-08-25 15:58:32', 'Kepala Sekolah Login'),
(610, 0, NULL, '2024-08-25 15:58:36', 'Kepala Sekolah Login'),
(611, 0, NULL, '2024-08-25 15:58:38', 'Kepala Sekolah Login'),
(612, 0, NULL, '2024-08-25 15:58:42', 'Kepala Sekolah Login'),
(613, 0, NULL, '2024-08-25 15:58:43', 'Kepala Sekolah Login'),
(614, 0, NULL, '2024-08-25 15:58:44', 'Kepala Sekolah Login'),
(615, 0, 8, '2024-08-25 15:58:51', 'Ketua Ruang Login'),
(616, 0, NULL, '2024-08-25 15:58:52', 'Kepala Sekolah Login'),
(617, 0, 8, '2024-08-25 15:58:52', 'Ketua Ruang Login'),
(618, 0, 8, '2024-08-25 15:58:53', 'Ketua Ruang Login'),
(619, 0, NULL, '2024-08-25 15:58:53', 'Kepala Sekolah Login'),
(620, 0, NULL, '2024-08-25 15:58:55', 'Kepala Sekolah Login'),
(621, 0, NULL, '2024-08-25 15:58:56', 'Kepala Sekolah Login'),
(622, 0, NULL, '2024-08-25 15:59:01', 'Kepala Sekolah Login'),
(623, 0, 8, '2024-08-25 15:59:03', 'Ketua Ruang Login'),
(624, 0, NULL, '2024-08-25 15:59:05', 'Kepala Sekolah Login'),
(625, 0, NULL, '2024-08-25 15:59:07', 'Kepala Sekolah Login'),
(626, 0, NULL, '2024-08-25 15:59:07', 'Kepala Sekolah Login'),
(627, 0, NULL, '2024-08-25 15:59:08', 'Kepala Sekolah Login'),
(628, 0, 8, '2024-08-25 15:59:08', 'Ketua Ruang Login'),
(629, 0, NULL, '2024-08-25 15:59:16', 'Kepala Sekolah Login'),
(630, 0, NULL, '2024-08-25 15:59:17', 'Kepala Sekolah Login'),
(631, 0, NULL, '2024-08-25 15:59:18', 'Kepala Sekolah Login'),
(632, 0, NULL, '2024-08-25 15:59:18', 'Kepala Sekolah Login'),
(633, 0, NULL, '2024-08-25 15:59:21', 'Kepala Sekolah Login'),
(634, 0, 8, '2024-08-25 15:59:22', 'Ketua Ruang Login'),
(635, 0, NULL, '2024-08-25 15:59:28', 'Kepala Sekolah Login'),
(636, 0, NULL, '2024-08-25 15:59:30', 'Kepala Sekolah Login'),
(637, 0, 8, '2024-08-25 15:59:31', 'Ketua Ruang Login'),
(638, 0, NULL, '2024-08-25 15:59:32', 'Kepala Sekolah Login'),
(639, 0, NULL, '2024-08-25 15:59:34', 'Kepala Sekolah Login'),
(640, 0, 8, '2024-08-25 15:59:35', 'Ketua Ruang Login'),
(641, 0, 8, '2024-08-25 15:59:36', 'Ketua Ruang Login'),
(642, 0, NULL, '2024-08-25 15:59:36', 'Kepala Sekolah Login'),
(643, 0, 8, '2024-08-25 15:59:39', 'Ketua Ruang Login'),
(644, 0, NULL, '2024-08-25 15:59:42', 'Kepala Sekolah Login'),
(645, 0, NULL, '2024-08-25 15:59:44', 'Kepala Sekolah Login'),
(646, 0, NULL, '2024-08-25 15:59:44', 'Kepala Sekolah Login'),
(647, 0, NULL, '2024-08-25 15:59:44', 'Kepala Sekolah Login'),
(648, 0, NULL, '2024-08-25 15:59:47', 'Kepala Sekolah Login'),
(649, 0, NULL, '2024-08-25 15:59:55', 'Kepala Sekolah Login'),
(650, 0, 8, '2024-08-25 15:59:59', 'Ketua Ruang Login'),
(651, 0, NULL, '2024-08-25 16:00:00', 'Kepala Sekolah Login'),
(652, 0, 8, '2024-08-25 16:00:01', 'Ketua Ruang Login'),
(653, 0, NULL, '2024-08-25 16:00:01', 'Kepala Sekolah Login'),
(654, 0, NULL, '2024-08-25 16:00:01', 'Kepala Sekolah Login'),
(655, 0, NULL, '2024-08-25 16:00:01', 'Kepala Sekolah Login'),
(656, 0, NULL, '2024-08-25 16:00:06', 'Kepala Sekolah Login'),
(657, 0, 8, '2024-08-25 16:00:06', 'Ketua Ruang Login'),
(658, 0, 8, '2024-08-25 16:00:07', 'Ketua Ruang Login'),
(659, 0, NULL, '2024-08-25 16:00:11', 'Kepala Sekolah Login'),
(660, 0, NULL, '2024-08-25 16:00:12', 'Kepala Sekolah Login'),
(661, 0, 8, '2024-08-25 16:00:12', 'Ketua Ruang Login'),
(662, 0, NULL, '2024-08-25 16:00:16', 'Kepala Sekolah Login'),
(663, 0, NULL, '2024-08-25 16:00:16', 'Kepala Sekolah Login'),
(664, 0, NULL, '2024-08-25 16:00:22', 'Kepala Sekolah Login'),
(665, 0, NULL, '2024-08-25 16:00:24', 'Kepala Sekolah Login'),
(666, 0, NULL, '2024-08-25 16:00:26', 'Kepala Sekolah Login'),
(667, 0, 8, '2024-08-25 16:00:30', 'Ketua Ruang Login'),
(668, 0, 8, '2024-08-25 16:00:32', 'Ketua Ruang Login'),
(669, 0, NULL, '2024-08-25 16:00:33', 'Kepala Sekolah Login'),
(670, 0, NULL, '2024-08-25 16:00:35', 'Kepala Sekolah Login'),
(671, 0, NULL, '2024-08-25 16:00:37', 'Kepala Sekolah Login'),
(672, 0, NULL, '2024-08-25 16:00:38', 'Kepala Sekolah Login'),
(673, 0, 8, '2024-08-25 16:00:39', 'Ketua Ruang Login'),
(674, 0, NULL, '2024-08-25 16:00:42', 'Kepala Sekolah Login'),
(675, 0, 8, '2024-08-25 16:00:46', 'Ketua Ruang Login'),
(676, 0, NULL, '2024-08-25 16:00:46', 'Kepala Sekolah Login'),
(677, 0, 8, '2024-08-25 16:00:47', 'Ketua Ruang Login'),
(678, 0, NULL, '2024-08-25 16:00:48', 'Kepala Sekolah Login'),
(679, 0, NULL, '2024-08-25 16:00:49', 'Kepala Sekolah Login'),
(680, 0, NULL, '2024-08-25 16:00:54', 'Kepala Sekolah Login'),
(681, 0, NULL, '2024-08-25 16:00:54', 'Kepala Sekolah Login'),
(682, 0, NULL, '2024-08-25 16:00:59', 'Kepala Sekolah Login'),
(683, 0, NULL, '2024-08-25 16:00:59', 'Kepala Sekolah Login'),
(684, 0, 8, '2024-08-25 16:01:01', 'Ketua Ruang Login'),
(685, 0, NULL, '2024-08-25 16:01:04', 'Kepala Sekolah Login'),
(686, 0, 8, '2024-08-25 16:01:06', 'Ketua Ruang Login'),
(687, 0, NULL, '2024-08-25 16:01:07', 'Kepala Sekolah Login'),
(688, 0, 8, '2024-08-25 16:01:10', 'Ketua Ruang Login'),
(689, 0, NULL, '2024-08-25 16:01:10', 'Kepala Sekolah Login'),
(690, 0, 8, '2024-08-25 16:01:10', 'Ketua Ruang Login'),
(691, 0, NULL, '2024-08-25 16:01:12', 'Kepala Sekolah Login'),
(692, 0, NULL, '2024-08-25 16:01:13', 'Kepala Sekolah Login'),
(693, 0, NULL, '2024-08-25 16:01:21', 'Kepala Sekolah Login'),
(694, 0, NULL, '2024-08-25 16:01:22', 'Kepala Sekolah Login'),
(695, 0, NULL, '2024-08-25 16:01:22', 'Kepala Sekolah Login'),
(696, 0, 8, '2024-08-25 16:01:25', 'Ketua Ruang Login'),
(697, 0, NULL, '2024-08-25 16:01:29', 'Kepala Sekolah Login'),
(698, 0, NULL, '2024-08-25 16:01:29', 'Kepala Sekolah Login'),
(699, 0, 8, '2024-08-25 16:01:29', 'Ketua Ruang Login'),
(700, 0, NULL, '2024-08-25 16:01:33', 'Kepala Sekolah Login'),
(701, 0, 8, '2024-08-25 16:01:33', 'Ketua Ruang Login'),
(702, 0, NULL, '2024-08-25 16:01:35', 'Kepala Sekolah Login'),
(703, 0, NULL, '2024-08-25 16:01:39', 'Kepala Sekolah Login'),
(704, 0, 8, '2024-08-25 16:01:40', 'Ketua Ruang Login'),
(705, 0, NULL, '2024-08-25 16:01:46', 'Kepala Sekolah Login'),
(706, 0, NULL, '2024-08-25 16:01:46', 'Kepala Sekolah Login'),
(707, 0, NULL, '2024-08-25 16:01:47', 'Kepala Sekolah Login'),
(708, 0, NULL, '2024-08-25 16:01:47', 'Kepala Sekolah Login'),
(709, 0, NULL, '2024-08-25 16:01:53', 'Kepala Sekolah Login'),
(710, 0, 8, '2024-08-25 16:01:54', 'Ketua Ruang Login'),
(711, 0, 8, '2024-08-25 16:01:54', 'Ketua Ruang Login'),
(712, 0, NULL, '2024-08-25 16:01:57', 'Kepala Sekolah Login'),
(713, 0, NULL, '2024-08-25 16:01:58', 'Kepala Sekolah Login'),
(714, 0, 8, '2024-08-25 16:01:58', 'Ketua Ruang Login'),
(715, 0, NULL, '2024-08-25 16:02:01', 'Kepala Sekolah Login'),
(716, 0, NULL, '2024-08-25 16:02:02', 'Kepala Sekolah Login'),
(717, 0, NULL, '2024-08-25 16:02:03', 'Kepala Sekolah Login'),
(718, 0, 8, '2024-08-25 16:02:07', 'Ketua Ruang Login'),
(719, 0, NULL, '2024-08-25 16:02:08', 'Kepala Sekolah Login'),
(720, 0, NULL, '2024-08-25 16:02:13', 'Kepala Sekolah Login'),
(721, 0, 8, '2024-08-25 16:02:13', 'Ketua Ruang Login'),
(722, 0, NULL, '2024-08-25 16:02:14', 'Kepala Sekolah Login'),
(723, 0, NULL, '2024-08-25 16:02:16', 'Kepala Sekolah Login'),
(724, 0, NULL, '2024-08-25 16:02:16', 'Kepala Sekolah Login'),
(725, 0, 8, '2024-08-25 16:02:19', 'Ketua Ruang Login'),
(726, 0, 8, '2024-08-25 16:02:23', 'Ketua Ruang Login'),
(727, 0, NULL, '2024-08-25 16:02:24', 'Kepala Sekolah Login'),
(728, 0, NULL, '2024-08-25 16:02:29', 'Kepala Sekolah Login'),
(729, 0, NULL, '2024-08-25 16:02:31', 'Kepala Sekolah Login'),
(730, 0, NULL, '2024-08-25 16:02:32', 'Kepala Sekolah Login'),
(731, 0, NULL, '2024-08-25 16:02:48', 'Kepala Sekolah Login'),
(732, 0, NULL, '2024-08-25 16:02:48', 'Kepala Sekolah Login'),
(733, 0, 8, '2024-08-25 16:02:48', 'Ketua Ruang Login'),
(734, 0, 8, '2024-08-25 16:02:48', 'Ketua Ruang Login'),
(735, 0, 8, '2024-08-25 16:02:56', 'Ketua Ruang Login'),
(736, 0, NULL, '2024-08-25 16:02:57', 'Kepala Sekolah Login'),
(737, 0, NULL, '2024-08-25 16:02:57', 'Kepala Sekolah Login'),
(738, 0, NULL, '2024-08-25 16:02:58', 'Kepala Sekolah Login'),
(739, 0, NULL, '2024-08-25 16:02:58', 'Kepala Sekolah Login'),
(740, 0, 8, '2024-08-25 16:03:00', 'Ketua Ruang Login'),
(741, 0, NULL, '2024-08-25 16:03:01', 'Kepala Sekolah Login'),
(742, 0, 8, '2024-08-25 16:03:02', 'Ketua Ruang Login'),
(743, 0, NULL, '2024-08-25 16:03:06', 'Kepala Sekolah Login'),
(744, 0, NULL, '2024-08-25 16:03:11', 'Kepala Sekolah Login'),
(745, 0, NULL, '2024-08-25 16:03:12', 'Kepala Sekolah Login'),
(746, 0, 8, '2024-08-25 16:03:14', 'Ketua Ruang Login'),
(747, 0, NULL, '2024-08-25 16:03:14', 'Kepala Sekolah Login'),
(748, 0, NULL, '2024-08-25 16:03:15', 'Kepala Sekolah Login'),
(749, 0, NULL, '2024-08-25 16:03:20', 'Kepala Sekolah Login'),
(750, 0, NULL, '2024-08-25 16:03:22', 'Kepala Sekolah Login'),
(751, 0, 8, '2024-08-25 16:03:24', 'Ketua Ruang Login'),
(752, 0, NULL, '2024-08-25 16:03:27', 'Kepala Sekolah Login'),
(753, 0, NULL, '2024-08-25 16:03:27', 'Kepala Sekolah Login'),
(754, 0, NULL, '2024-08-25 16:03:30', 'Kepala Sekolah Login'),
(755, 0, 8, '2024-08-25 16:03:31', 'Ketua Ruang Login'),
(756, 0, NULL, '2024-08-25 16:03:31', 'Kepala Sekolah Login'),
(757, 0, 8, '2024-08-25 16:03:35', 'Ketua Ruang Login'),
(758, 0, NULL, '2024-08-25 16:03:37', 'Kepala Sekolah Login'),
(759, 0, 8, '2024-08-25 16:03:41', 'Ketua Ruang Login'),
(760, 0, NULL, '2024-08-25 16:03:41', 'Kepala Sekolah Login'),
(761, 0, NULL, '2024-08-25 16:03:43', 'Kepala Sekolah Login'),
(762, 0, NULL, '2024-08-25 16:03:43', 'Kepala Sekolah Login'),
(763, 0, NULL, '2024-08-25 16:03:44', 'Kepala Sekolah Login'),
(764, 0, 8, '2024-08-25 16:03:44', 'Ketua Ruang Login'),
(765, 0, NULL, '2024-08-25 16:03:51', 'Kepala Sekolah Login'),
(766, 0, NULL, '2024-08-25 16:03:52', 'Kepala Sekolah Login'),
(767, 0, NULL, '2024-08-25 16:03:54', 'Kepala Sekolah Login'),
(768, 0, NULL, '2024-08-25 16:03:55', 'Kepala Sekolah Login'),
(769, 0, NULL, '2024-08-25 16:03:58', 'Kepala Sekolah Login'),
(770, 0, NULL, '2024-08-25 16:04:02', 'Kepala Sekolah Login'),
(771, 0, 8, '2024-08-25 16:04:05', 'Ketua Ruang Login'),
(772, 0, NULL, '2024-08-25 16:04:06', 'Kepala Sekolah Login'),
(773, 0, 8, '2024-08-25 16:04:06', 'Ketua Ruang Login'),
(774, 0, NULL, '2024-08-25 16:04:07', 'Kepala Sekolah Login'),
(775, 0, 8, '2024-08-25 16:04:09', 'Ketua Ruang Login'),
(776, 0, NULL, '2024-08-25 16:04:09', 'Kepala Sekolah Login'),
(777, 0, NULL, '2024-08-25 16:04:10', 'Kepala Sekolah Login'),
(778, 0, 8, '2024-08-25 16:04:11', 'Ketua Ruang Login'),
(779, 0, NULL, '2024-08-25 16:04:13', 'Kepala Sekolah Login'),
(780, 0, NULL, '2024-08-25 16:04:19', 'Kepala Sekolah Login'),
(781, 0, 8, '2024-08-25 16:04:20', 'Ketua Ruang Login'),
(782, 0, NULL, '2024-08-25 16:04:20', 'Kepala Sekolah Login'),
(783, 0, NULL, '2024-08-25 16:04:23', 'Kepala Sekolah Login'),
(784, 0, NULL, '2024-08-25 16:04:24', 'Kepala Sekolah Login'),
(785, 0, NULL, '2024-08-25 16:04:28', 'Kepala Sekolah Login'),
(786, 0, 8, '2024-08-25 16:04:31', 'Ketua Ruang Login'),
(787, 0, NULL, '2024-08-25 16:04:33', 'Kepala Sekolah Login'),
(788, 0, NULL, '2024-08-25 16:04:34', 'Kepala Sekolah Login'),
(789, 0, NULL, '2024-08-25 16:04:35', 'Kepala Sekolah Login'),
(790, 0, NULL, '2024-08-25 16:04:36', 'Kepala Sekolah Login'),
(791, 0, 8, '2024-08-25 16:04:43', 'Ketua Ruang Login'),
(792, 0, NULL, '2024-08-25 16:04:44', 'Kepala Sekolah Login'),
(793, 0, NULL, '2024-08-25 16:04:45', 'Kepala Sekolah Login'),
(794, 0, 8, '2024-08-25 16:04:46', 'Ketua Ruang Login'),
(795, 0, NULL, '2024-08-25 16:04:47', 'Kepala Sekolah Login'),
(796, 0, 8, '2024-08-25 16:04:47', 'Ketua Ruang Login'),
(797, 0, NULL, '2024-08-25 16:04:48', 'Kepala Sekolah Login'),
(798, 0, NULL, '2024-08-25 16:04:48', 'Kepala Sekolah Login'),
(799, 0, 8, '2024-08-25 16:04:54', 'Ketua Ruang Login'),
(800, 0, NULL, '2024-08-25 16:05:00', 'Kepala Sekolah Login'),
(801, 0, NULL, '2024-08-25 16:05:01', 'Kepala Sekolah Login'),
(802, 0, NULL, '2024-08-25 16:05:03', 'Kepala Sekolah Login'),
(803, 0, NULL, '2024-08-25 16:05:03', 'Kepala Sekolah Login'),
(804, 0, NULL, '2024-08-25 16:05:07', 'Kepala Sekolah Login'),
(805, 0, 8, '2024-08-25 16:05:10', 'Ketua Ruang Login'),
(806, 0, NULL, '2024-08-25 16:05:11', 'Kepala Sekolah Login'),
(807, 0, NULL, '2024-08-25 16:05:11', 'Kepala Sekolah Login'),
(808, 0, NULL, '2024-08-25 16:05:14', 'Kepala Sekolah Login'),
(809, 0, NULL, '2024-08-25 16:05:16', 'Kepala Sekolah Login'),
(810, 0, 8, '2024-08-25 16:05:19', 'Ketua Ruang Login'),
(811, 0, NULL, '2024-08-25 16:05:19', 'Kepala Sekolah Login'),
(812, 0, 8, '2024-08-25 16:05:24', 'Ketua Ruang Login'),
(813, 0, NULL, '2024-08-25 16:05:25', 'Kepala Sekolah Login'),
(814, 0, 8, '2024-08-25 16:05:26', 'Ketua Ruang Login'),
(815, 0, NULL, '2024-08-25 16:05:27', 'Kepala Sekolah Login'),
(816, 0, NULL, '2024-08-25 16:05:27', 'Kepala Sekolah Login'),
(817, 0, 8, '2024-08-25 16:05:27', 'Ketua Ruang Login'),
(818, 0, NULL, '2024-08-25 16:05:28', 'Kepala Sekolah Login'),
(819, 0, NULL, '2024-08-25 16:05:35', 'Kepala Sekolah Login'),
(820, 0, NULL, '2024-08-25 16:05:35', 'Kepala Sekolah Login'),
(821, 0, NULL, '2024-08-25 16:05:36', 'Kepala Sekolah Login'),
(822, 0, NULL, '2024-08-25 16:05:41', 'Kepala Sekolah Login'),
(823, 0, NULL, '2024-08-25 16:05:42', 'Kepala Sekolah Login'),
(824, 0, NULL, '2024-08-25 16:05:45', 'Kepala Sekolah Login'),
(825, 0, 8, '2024-08-25 16:05:46', 'Ketua Ruang Login'),
(826, 0, NULL, '2024-08-25 16:05:47', 'Kepala Sekolah Login'),
(827, 0, 8, '2024-08-25 16:05:50', 'Ketua Ruang Login'),
(828, 0, NULL, '2024-08-25 16:05:50', 'Kepala Sekolah Login'),
(829, 0, NULL, '2024-08-25 16:05:54', 'Kepala Sekolah Login'),
(830, 0, NULL, '2024-08-25 16:05:54', 'Kepala Sekolah Login'),
(831, 0, NULL, '2024-08-25 16:05:54', 'Kepala Sekolah Login'),
(832, 0, NULL, '2024-08-25 16:05:58', 'Kepala Sekolah Login'),
(833, 0, NULL, '2024-08-25 16:06:03', 'Kepala Sekolah Login'),
(834, 0, 8, '2024-08-25 16:06:04', 'Ketua Ruang Login'),
(835, 0, 8, '2024-08-25 16:06:05', 'Ketua Ruang Login'),
(836, 0, 8, '2024-08-25 16:06:06', 'Ketua Ruang Login'),
(837, 0, NULL, '2024-08-25 16:06:07', 'Kepala Sekolah Login'),
(838, 0, NULL, '2024-08-25 16:06:07', 'Kepala Sekolah Login'),
(839, 0, NULL, '2024-08-25 16:06:09', 'Kepala Sekolah Login'),
(840, 0, NULL, '2024-08-25 16:06:14', 'Kepala Sekolah Login'),
(841, 0, NULL, '2024-08-25 16:06:14', 'Kepala Sekolah Login'),
(842, 0, 8, '2024-08-25 16:06:15', 'Ketua Ruang Login'),
(843, 0, NULL, '2024-08-25 16:06:19', 'Kepala Sekolah Login'),
(844, 0, NULL, '2024-08-25 16:06:21', 'Kepala Sekolah Login'),
(845, 0, 8, '2024-08-25 16:06:23', 'Ketua Ruang Login'),
(846, 0, NULL, '2024-08-25 16:06:25', 'Kepala Sekolah Login'),
(847, 0, NULL, '2024-08-25 16:06:27', 'Kepala Sekolah Login'),
(848, 0, NULL, '2024-08-25 16:06:27', 'Kepala Sekolah Login'),
(849, 0, NULL, '2024-08-25 16:06:29', 'Kepala Sekolah Login'),
(850, 0, 8, '2024-08-25 16:06:33', 'Ketua Ruang Login'),
(851, 0, NULL, '2024-08-25 16:06:36', 'Kepala Sekolah Login'),
(852, 0, 8, '2024-08-25 16:06:39', 'Ketua Ruang Login'),
(853, 0, NULL, '2024-08-25 16:06:39', 'Kepala Sekolah Login'),
(854, 0, 8, '2024-08-25 16:17:02', 'Ketua Ruang Login'),
(855, 0, 8, '2024-08-25 16:17:12', 'Ketua Ruang Login'),
(856, 1, NULL, '2024-08-25 16:17:13', 'ADMIN Login'),
(857, 0, NULL, '2024-08-25 16:17:13', 'Kepala Sekolah Login'),
(858, 0, NULL, '2024-08-25 16:17:19', 'Kepala Sekolah Login'),
(859, 0, 8, '2024-08-25 16:17:22', 'Ketua Ruang Login'),
(860, 0, NULL, '2024-08-25 16:17:28', 'Kepala Sekolah Login'),
(861, 0, NULL, '2024-08-25 16:17:29', 'Kepala Sekolah Login'),
(862, 0, NULL, '2024-08-25 16:17:32', 'Kepala Sekolah Login');
INSERT INTO `log` (`id_log`, `id_admin`, `id_pj`, `waktu`, `keterangan`) VALUES
(863, 0, 8, '2024-08-25 16:17:32', 'Ketua Ruang Login'),
(864, 1, NULL, '2024-08-25 16:17:33', 'ADMIN Login'),
(865, 0, 8, '2024-08-25 16:17:36', 'Ketua Ruang Login'),
(866, 0, NULL, '2024-08-25 16:17:38', 'Kepala Sekolah Login'),
(867, 1, NULL, '2024-08-25 16:17:38', 'ADMIN Login'),
(868, 0, 8, '2024-08-25 16:17:42', 'Ketua Ruang Login'),
(869, 0, NULL, '2024-08-25 16:17:43', 'Kepala Sekolah Login'),
(870, 1, NULL, '2024-08-25 16:17:44', 'ADMIN Login'),
(871, 0, NULL, '2024-08-25 16:17:45', 'Kepala Sekolah Login'),
(872, 0, NULL, '2024-08-25 16:17:46', 'Kepala Sekolah Login'),
(873, 0, NULL, '2024-08-25 16:17:47', 'Kepala Sekolah Login'),
(874, 0, 8, '2024-08-25 16:17:51', 'Ketua Ruang Login'),
(875, 0, NULL, '2024-08-25 16:17:51', 'Kepala Sekolah Login'),
(876, 0, 8, '2024-08-25 16:17:52', 'Ketua Ruang Login'),
(877, 0, NULL, '2024-08-25 16:17:54', 'Kepala Sekolah Login'),
(878, 1, NULL, '2024-08-25 16:17:54', 'ADMIN Login'),
(879, 0, NULL, '2024-08-25 16:17:56', 'Kepala Sekolah Login'),
(880, 0, NULL, '2024-08-25 16:17:56', 'Kepala Sekolah Login'),
(881, 1, NULL, '2024-08-25 16:18:00', 'ADMIN Login'),
(882, 0, NULL, '2024-08-25 16:18:00', 'Kepala Sekolah Login'),
(883, 0, NULL, '2024-08-25 16:18:00', 'Kepala Sekolah Login'),
(884, 0, 8, '2024-08-25 16:18:00', 'Ketua Ruang Login'),
(885, 0, 8, '2024-08-25 16:18:02', 'Ketua Ruang Login'),
(886, 0, NULL, '2024-08-25 16:18:05', 'Kepala Sekolah Login'),
(887, 0, NULL, '2024-08-25 16:18:08', 'Kepala Sekolah Login'),
(888, 0, NULL, '2024-08-25 16:18:08', 'Kepala Sekolah Login'),
(889, 0, NULL, '2024-08-25 16:18:10', 'Kepala Sekolah Login'),
(890, 1, NULL, '2024-08-25 16:18:12', 'ADMIN Login'),
(891, 0, NULL, '2024-08-25 16:18:12', 'Kepala Sekolah Login'),
(892, 0, NULL, '2024-08-25 16:18:12', 'Kepala Sekolah Login'),
(893, 0, 8, '2024-08-25 16:18:13', 'Ketua Ruang Login'),
(894, 0, 8, '2024-08-25 16:18:13', 'Ketua Ruang Login'),
(895, 1, NULL, '2024-08-25 16:18:14', 'ADMIN Login'),
(896, 1, NULL, '2024-08-25 16:18:17', 'ADMIN Login'),
(897, 0, 8, '2024-08-25 16:18:19', 'Ketua Ruang Login'),
(898, 0, NULL, '2024-08-25 16:18:21', 'Kepala Sekolah Login'),
(899, 0, NULL, '2024-08-25 16:18:23', 'Kepala Sekolah Login'),
(900, 0, NULL, '2024-08-25 16:18:23', 'Kepala Sekolah Login'),
(901, 0, NULL, '2024-08-25 16:18:24', 'Kepala Sekolah Login'),
(902, 0, NULL, '2024-08-25 16:18:25', 'Kepala Sekolah Login'),
(903, 0, 8, '2024-08-25 16:18:26', 'Ketua Ruang Login'),
(904, 0, 8, '2024-08-25 16:18:26', 'Ketua Ruang Login'),
(905, 0, 8, '2024-08-25 16:18:27', 'Ketua Ruang Login'),
(906, 0, NULL, '2024-08-25 16:18:28', 'Kepala Sekolah Login'),
(907, 0, NULL, '2024-08-25 16:18:32', 'Kepala Sekolah Login'),
(908, 0, NULL, '2024-08-25 16:18:33', 'Kepala Sekolah Login'),
(909, 0, NULL, '2024-08-25 16:18:33', 'Kepala Sekolah Login'),
(910, 0, NULL, '2024-08-25 16:18:35', 'Kepala Sekolah Login'),
(911, 1, NULL, '2024-08-25 16:18:35', 'ADMIN Login'),
(912, 0, NULL, '2024-08-25 16:18:38', 'Kepala Sekolah Login'),
(913, 0, NULL, '2024-08-25 16:18:40', 'Kepala Sekolah Login'),
(914, 0, NULL, '2024-08-25 16:18:44', 'Kepala Sekolah Login'),
(915, 1, NULL, '2024-08-25 16:18:45', 'ADMIN Login'),
(916, 0, NULL, '2024-08-25 16:18:45', 'Kepala Sekolah Login'),
(917, 0, NULL, '2024-08-25 16:18:46', 'Kepala Sekolah Login'),
(918, 0, 8, '2024-08-25 16:18:47', 'Ketua Ruang Login'),
(919, 0, 8, '2024-08-25 16:18:47', 'Ketua Ruang Login'),
(920, 1, NULL, '2024-08-25 16:18:48', 'ADMIN Login'),
(921, 0, NULL, '2024-08-25 16:18:52', 'Kepala Sekolah Login'),
(922, 0, NULL, '2024-08-25 16:18:53', 'Kepala Sekolah Login'),
(923, 0, NULL, '2024-08-25 16:18:53', 'Kepala Sekolah Login'),
(924, 0, 8, '2024-08-25 16:18:55', 'Ketua Ruang Login'),
(925, 1, NULL, '2024-08-25 16:18:59', 'ADMIN Login'),
(926, 0, 8, '2024-08-25 16:18:59', 'Ketua Ruang Login'),
(927, 1, NULL, '2024-08-25 16:18:59', 'ADMIN Login'),
(928, 0, NULL, '2024-08-25 16:19:00', 'Kepala Sekolah Login'),
(929, 0, NULL, '2024-08-25 16:19:01', 'Kepala Sekolah Login'),
(930, 0, NULL, '2024-08-25 16:19:02', 'Kepala Sekolah Login'),
(931, 0, NULL, '2024-08-25 16:19:03', 'Kepala Sekolah Login'),
(932, 0, 8, '2024-08-25 16:19:07', 'Ketua Ruang Login'),
(933, 0, 8, '2024-08-25 16:19:08', 'Ketua Ruang Login'),
(934, 0, NULL, '2024-08-25 16:19:09', 'Kepala Sekolah Login'),
(935, 0, NULL, '2024-08-25 16:19:10', 'Kepala Sekolah Login'),
(936, 0, NULL, '2024-08-25 16:19:12', 'Kepala Sekolah Login'),
(937, 0, NULL, '2024-08-25 16:19:13', 'Kepala Sekolah Login'),
(938, 1, NULL, '2024-08-25 16:19:14', 'ADMIN Login'),
(939, 0, NULL, '2024-08-25 16:19:17', 'Kepala Sekolah Login'),
(940, 0, 8, '2024-08-25 16:19:18', 'Ketua Ruang Login'),
(941, 0, NULL, '2024-08-25 16:19:19', 'Kepala Sekolah Login'),
(942, 0, NULL, '2024-08-25 16:19:19', 'Kepala Sekolah Login'),
(943, 0, 8, '2024-08-25 16:19:20', 'Ketua Ruang Login'),
(944, 0, NULL, '2024-08-25 16:19:20', 'Kepala Sekolah Login'),
(945, 0, NULL, '2024-08-25 16:19:22', 'Kepala Sekolah Login'),
(946, 0, 8, '2024-08-25 16:19:24', 'Ketua Ruang Login'),
(947, 1, NULL, '2024-08-25 16:19:25', 'ADMIN Login'),
(948, 1, NULL, '2024-08-25 16:19:26', 'ADMIN Login'),
(949, 0, 8, '2024-08-25 16:19:28', 'Ketua Ruang Login'),
(950, 0, NULL, '2024-08-25 16:19:28', 'Kepala Sekolah Login'),
(951, 0, NULL, '2024-08-25 16:19:32', 'Kepala Sekolah Login'),
(952, 0, 8, '2024-08-25 16:19:33', 'Ketua Ruang Login'),
(953, 0, NULL, '2024-08-25 16:19:34', 'Kepala Sekolah Login'),
(954, 0, NULL, '2024-08-25 16:19:35', 'Kepala Sekolah Login'),
(955, 0, NULL, '2024-08-25 16:19:35', 'Kepala Sekolah Login'),
(956, 1, NULL, '2024-08-25 16:19:38', 'ADMIN Login'),
(957, 0, NULL, '2024-08-25 16:19:38', 'Kepala Sekolah Login'),
(958, 0, NULL, '2024-08-25 16:19:39', 'Kepala Sekolah Login'),
(959, 0, NULL, '2024-08-25 16:19:42', 'Kepala Sekolah Login'),
(960, 0, 8, '2024-08-25 16:19:43', 'Ketua Ruang Login'),
(961, 0, NULL, '2024-08-25 16:19:49', 'Kepala Sekolah Login'),
(962, 1, NULL, '2024-08-25 16:19:49', 'ADMIN Login'),
(963, 0, NULL, '2024-08-25 16:19:49', 'Kepala Sekolah Login'),
(964, 0, NULL, '2024-08-25 16:19:50', 'Kepala Sekolah Login'),
(965, 0, NULL, '2024-08-25 16:19:51', 'Kepala Sekolah Login'),
(966, 0, 8, '2024-08-25 16:19:52', 'Ketua Ruang Login'),
(967, 0, NULL, '2024-08-25 16:19:54', 'Kepala Sekolah Login'),
(968, 1, NULL, '2024-08-25 16:19:54', 'ADMIN Login'),
(969, 0, NULL, '2024-08-25 16:19:57', 'Kepala Sekolah Login'),
(970, 0, NULL, '2024-08-25 16:20:02', 'Kepala Sekolah Login'),
(971, 0, 8, '2024-08-25 16:20:02', 'Ketua Ruang Login'),
(972, 0, NULL, '2024-08-25 16:20:03', 'Kepala Sekolah Login'),
(973, 0, 8, '2024-08-25 16:20:03', 'Ketua Ruang Login'),
(974, 0, NULL, '2024-08-25 16:20:05', 'Kepala Sekolah Login'),
(975, 0, NULL, '2024-08-25 16:20:06', 'Kepala Sekolah Login'),
(976, 0, NULL, '2024-08-25 16:20:07', 'Kepala Sekolah Login'),
(977, 0, 8, '2024-08-25 16:20:09', 'Ketua Ruang Login'),
(978, 1, NULL, '2024-08-25 16:20:09', 'ADMIN Login'),
(979, 0, NULL, '2024-08-25 16:20:11', 'Kepala Sekolah Login'),
(980, 0, NULL, '2024-08-25 16:20:12', 'Kepala Sekolah Login'),
(981, 1, NULL, '2024-08-25 16:20:13', 'ADMIN Login'),
(982, 0, 8, '2024-08-25 16:20:13', 'Ketua Ruang Login'),
(983, 0, 8, '2024-08-25 16:20:14', 'Ketua Ruang Login'),
(984, 0, NULL, '2024-08-25 16:20:15', 'Kepala Sekolah Login'),
(985, 0, NULL, '2024-08-25 16:20:17', 'Kepala Sekolah Login'),
(986, 1, NULL, '2024-08-25 16:20:18', 'ADMIN Login'),
(987, 0, NULL, '2024-08-25 16:20:20', 'Kepala Sekolah Login'),
(988, 0, NULL, '2024-08-25 16:20:21', 'Kepala Sekolah Login'),
(989, 0, NULL, '2024-08-25 16:20:22', 'Kepala Sekolah Login'),
(990, 0, 8, '2024-08-25 16:20:28', 'Ketua Ruang Login'),
(991, 0, NULL, '2024-08-25 16:20:29', 'Kepala Sekolah Login'),
(992, 0, NULL, '2024-08-25 16:20:29', 'Kepala Sekolah Login'),
(993, 0, NULL, '2024-08-25 16:20:30', 'Kepala Sekolah Login'),
(994, 0, 8, '2024-08-25 16:20:33', 'Ketua Ruang Login'),
(995, 0, NULL, '2024-08-25 16:20:33', 'Kepala Sekolah Login'),
(996, 1, NULL, '2024-08-25 16:20:33', 'ADMIN Login'),
(997, 0, 8, '2024-08-25 16:20:35', 'Ketua Ruang Login'),
(998, 0, NULL, '2024-08-25 16:20:35', 'Kepala Sekolah Login'),
(999, 0, NULL, '2024-08-25 16:20:36', 'Kepala Sekolah Login'),
(1000, 1, NULL, '2024-08-25 16:20:41', 'ADMIN Login'),
(1001, 0, NULL, '2024-08-25 16:20:41', 'Kepala Sekolah Login'),
(1002, 0, 8, '2024-08-25 16:20:42', 'Ketua Ruang Login'),
(1003, 0, NULL, '2024-08-25 16:20:45', 'Kepala Sekolah Login'),
(1004, 0, 8, '2024-08-25 16:20:46', 'Ketua Ruang Login'),
(1005, 0, NULL, '2024-08-25 16:20:47', 'Kepala Sekolah Login'),
(1006, 0, 8, '2024-08-25 16:20:48', 'Ketua Ruang Login'),
(1007, 0, NULL, '2024-08-25 16:20:49', 'Kepala Sekolah Login'),
(1008, 0, NULL, '2024-08-25 16:20:50', 'Kepala Sekolah Login'),
(1009, 0, NULL, '2024-08-25 16:20:50', 'Kepala Sekolah Login'),
(1010, 0, NULL, '2024-08-25 16:20:52', 'Kepala Sekolah Login'),
(1011, 1, NULL, '2024-08-25 16:20:53', 'ADMIN Login'),
(1012, 1, NULL, '2024-08-25 16:20:55', 'ADMIN Login'),
(1013, 0, 8, '2024-08-25 16:20:55', 'Ketua Ruang Login'),
(1014, 1, NULL, '2024-08-25 16:21:00', 'ADMIN Login'),
(1015, 0, NULL, '2024-08-25 16:21:02', 'Kepala Sekolah Login'),
(1016, 0, NULL, '2024-08-25 16:21:02', 'Kepala Sekolah Login'),
(1017, 0, NULL, '2024-08-25 16:21:03', 'Kepala Sekolah Login'),
(1018, 0, NULL, '2024-08-25 16:21:04', 'Kepala Sekolah Login'),
(1019, 0, NULL, '2024-08-25 16:21:05', 'Kepala Sekolah Login'),
(1020, 0, NULL, '2024-08-25 16:21:09', 'Kepala Sekolah Login'),
(1021, 1, NULL, '2024-08-25 16:21:12', 'ADMIN Login'),
(1022, 0, 8, '2024-08-25 16:21:13', 'Ketua Ruang Login'),
(1023, 0, 8, '2024-08-25 16:21:13', 'Ketua Ruang Login'),
(1024, 0, 8, '2024-08-25 16:21:13', 'Ketua Ruang Login'),
(1025, 0, NULL, '2024-08-25 16:21:15', 'Kepala Sekolah Login'),
(1026, 0, NULL, '2024-08-25 16:21:16', 'Kepala Sekolah Login'),
(1027, 0, NULL, '2024-08-25 16:21:17', 'Kepala Sekolah Login'),
(1028, 0, 8, '2024-08-25 16:21:17', 'Ketua Ruang Login'),
(1029, 0, NULL, '2024-08-25 16:21:17', 'Kepala Sekolah Login'),
(1030, 0, NULL, '2024-08-25 16:21:21', 'Kepala Sekolah Login'),
(1031, 0, NULL, '2024-08-25 16:21:24', 'Kepala Sekolah Login'),
(1032, 0, 8, '2024-08-25 16:21:24', 'Ketua Ruang Login'),
(1033, 1, NULL, '2024-08-25 16:21:26', 'ADMIN Login'),
(1034, 0, NULL, '2024-08-25 16:21:26', 'Kepala Sekolah Login'),
(1035, 0, 8, '2024-08-25 16:21:28', 'Ketua Ruang Login'),
(1036, 0, NULL, '2024-08-25 16:21:31', 'Kepala Sekolah Login'),
(1037, 0, NULL, '2024-08-25 16:21:31', 'Kepala Sekolah Login'),
(1038, 1, NULL, '2024-08-25 16:21:33', 'ADMIN Login'),
(1039, 0, NULL, '2024-08-25 16:21:34', 'Kepala Sekolah Login'),
(1040, 0, NULL, '2024-08-25 16:21:36', 'Kepala Sekolah Login'),
(1041, 1, NULL, '2024-08-25 16:21:36', 'ADMIN Login'),
(1042, 0, 8, '2024-08-25 16:21:38', 'Ketua Ruang Login'),
(1043, 0, NULL, '2024-08-25 16:21:39', 'Kepala Sekolah Login'),
(1044, 0, NULL, '2024-08-25 16:21:39', 'Kepala Sekolah Login'),
(1045, 0, 8, '2024-08-25 16:21:40', 'Ketua Ruang Login'),
(1046, 1, NULL, '2024-08-25 16:21:42', 'ADMIN Login'),
(1047, 0, NULL, '2024-08-25 16:21:49', 'Kepala Sekolah Login'),
(1048, 0, NULL, '2024-08-25 16:21:49', 'Kepala Sekolah Login'),
(1049, 0, NULL, '2024-08-25 16:21:50', 'Kepala Sekolah Login'),
(1050, 0, NULL, '2024-08-25 16:21:51', 'Kepala Sekolah Login'),
(1051, 0, 8, '2024-08-25 16:21:52', 'Ketua Ruang Login'),
(1052, 0, NULL, '2024-08-25 16:21:53', 'Kepala Sekolah Login'),
(1053, 0, NULL, '2024-08-25 16:21:54', 'Kepala Sekolah Login'),
(1054, 0, 8, '2024-08-25 16:21:55', 'Ketua Ruang Login'),
(1055, 0, 8, '2024-08-25 16:21:57', 'Ketua Ruang Login'),
(1056, 0, 8, '2024-08-25 16:21:59', 'Ketua Ruang Login'),
(1057, 0, NULL, '2024-08-25 16:22:02', 'Kepala Sekolah Login'),
(1058, 0, NULL, '2024-08-25 16:22:03', 'Kepala Sekolah Login'),
(1059, 0, NULL, '2024-08-25 16:22:03', 'Kepala Sekolah Login'),
(1060, 0, NULL, '2024-08-25 16:22:06', 'Kepala Sekolah Login'),
(1061, 0, NULL, '2024-08-25 16:22:06', 'Kepala Sekolah Login'),
(1062, 0, NULL, '2024-08-25 16:22:09', 'Kepala Sekolah Login'),
(1063, 0, 8, '2024-08-25 16:22:09', 'Ketua Ruang Login'),
(1064, 0, NULL, '2024-08-25 16:22:13', 'Kepala Sekolah Login'),
(1065, 0, NULL, '2024-08-25 16:22:16', 'Kepala Sekolah Login'),
(1066, 0, NULL, '2024-08-25 16:22:16', 'Kepala Sekolah Login'),
(1067, 0, NULL, '2024-08-25 16:22:16', 'Kepala Sekolah Login'),
(1068, 0, 8, '2024-08-25 16:22:17', 'Ketua Ruang Login'),
(1069, 0, 8, '2024-08-25 16:22:17', 'Ketua Ruang Login'),
(1070, 0, NULL, '2024-08-25 16:22:17', 'Kepala Sekolah Login'),
(1071, 0, NULL, '2024-08-25 16:22:22', 'Kepala Sekolah Login'),
(1072, 0, 8, '2024-08-25 16:22:23', 'Ketua Ruang Login'),
(1073, 0, NULL, '2024-08-25 16:22:26', 'Kepala Sekolah Login'),
(1074, 0, 8, '2024-08-25 16:22:26', 'Ketua Ruang Login'),
(1075, 0, NULL, '2024-08-25 16:22:31', 'Kepala Sekolah Login'),
(1076, 0, NULL, '2024-08-25 16:22:32', 'Kepala Sekolah Login'),
(1077, 0, NULL, '2024-08-25 16:22:32', 'Kepala Sekolah Login'),
(1078, 0, 8, '2024-08-25 16:22:34', 'Ketua Ruang Login'),
(1079, 0, NULL, '2024-08-25 16:22:34', 'Kepala Sekolah Login'),
(1080, 0, NULL, '2024-08-25 16:22:35', 'Kepala Sekolah Login'),
(1081, 0, NULL, '2024-08-25 16:22:35', 'Kepala Sekolah Login'),
(1082, 0, NULL, '2024-08-25 16:22:42', 'Kepala Sekolah Login'),
(1083, 0, 8, '2024-08-25 16:22:42', 'Ketua Ruang Login'),
(1084, 0, NULL, '2024-08-25 16:22:44', 'Kepala Sekolah Login'),
(1085, 0, 8, '2024-08-25 16:22:46', 'Ketua Ruang Login'),
(1086, 0, NULL, '2024-08-25 16:22:46', 'Kepala Sekolah Login'),
(1087, 0, NULL, '2024-08-25 16:22:48', 'Kepala Sekolah Login'),
(1088, 0, NULL, '2024-08-25 16:22:49', 'Kepala Sekolah Login'),
(1089, 0, 8, '2024-08-25 16:22:50', 'Ketua Ruang Login'),
(1090, 0, NULL, '2024-08-25 16:22:53', 'Kepala Sekolah Login'),
(1091, 0, NULL, '2024-08-25 16:22:54', 'Kepala Sekolah Login'),
(1092, 0, NULL, '2024-08-25 16:22:54', 'Kepala Sekolah Login'),
(1093, 0, 8, '2024-08-25 16:22:58', 'Ketua Ruang Login'),
(1094, 0, NULL, '2024-08-25 16:22:58', 'Kepala Sekolah Login'),
(1095, 0, 8, '2024-08-25 16:23:04', 'Ketua Ruang Login'),
(1096, 0, NULL, '2024-08-25 16:23:04', 'Kepala Sekolah Login'),
(1097, 0, NULL, '2024-08-25 16:23:05', 'Kepala Sekolah Login'),
(1098, 0, 8, '2024-08-25 16:23:05', 'Ketua Ruang Login'),
(1099, 0, NULL, '2024-08-25 16:23:06', 'Kepala Sekolah Login'),
(1100, 0, 8, '2024-08-25 16:23:06', 'Ketua Ruang Login'),
(1101, 0, NULL, '2024-08-25 16:23:09', 'Kepala Sekolah Login'),
(1102, 0, NULL, '2024-08-25 16:23:11', 'Kepala Sekolah Login'),
(1103, 0, NULL, '2024-08-25 16:23:14', 'Kepala Sekolah Login'),
(1104, 0, NULL, '2024-08-25 16:23:16', 'Kepala Sekolah Login'),
(1105, 0, 8, '2024-08-25 16:23:19', 'Ketua Ruang Login'),
(1106, 0, NULL, '2024-08-25 16:23:19', 'Kepala Sekolah Login'),
(1107, 0, NULL, '2024-08-25 16:23:21', 'Kepala Sekolah Login'),
(1108, 0, NULL, '2024-08-25 16:23:21', 'Kepala Sekolah Login'),
(1109, 0, NULL, '2024-08-25 16:23:22', 'Kepala Sekolah Login'),
(1110, 0, 8, '2024-08-25 16:23:25', 'Ketua Ruang Login'),
(1111, 0, 8, '2024-08-25 16:23:26', 'Ketua Ruang Login'),
(1112, 0, NULL, '2024-08-25 16:23:28', 'Kepala Sekolah Login'),
(1113, 0, NULL, '2024-08-25 16:23:30', 'Kepala Sekolah Login'),
(1114, 0, NULL, '2024-08-25 16:23:32', 'Kepala Sekolah Login'),
(1115, 0, NULL, '2024-08-25 16:23:32', 'Kepala Sekolah Login'),
(1116, 0, NULL, '2024-08-25 16:23:32', 'Kepala Sekolah Login'),
(1117, 0, NULL, '2024-08-25 16:23:34', 'Kepala Sekolah Login'),
(1118, 0, 8, '2024-08-25 16:23:41', 'Ketua Ruang Login'),
(1119, 0, 8, '2024-08-25 16:23:41', 'Ketua Ruang Login'),
(1120, 0, NULL, '2024-08-25 16:23:42', 'Kepala Sekolah Login'),
(1121, 0, 8, '2024-08-25 16:23:43', 'Ketua Ruang Login'),
(1122, 0, NULL, '2024-08-25 16:23:46', 'Kepala Sekolah Login'),
(1123, 0, NULL, '2024-08-25 16:23:46', 'Kepala Sekolah Login'),
(1124, 0, NULL, '2024-08-25 16:23:46', 'Kepala Sekolah Login'),
(1125, 0, 8, '2024-08-25 16:23:47', 'Ketua Ruang Login'),
(1126, 0, NULL, '2024-08-25 16:23:47', 'Kepala Sekolah Login'),
(1127, 0, NULL, '2024-08-25 16:23:50', 'Kepala Sekolah Login'),
(1128, 0, 8, '2024-08-25 16:23:54', 'Ketua Ruang Login'),
(1129, 0, NULL, '2024-08-25 16:23:58', 'Kepala Sekolah Login'),
(1130, 0, NULL, '2024-08-25 16:23:59', 'Kepala Sekolah Login'),
(1131, 0, NULL, '2024-08-25 16:23:59', 'Kepala Sekolah Login'),
(1132, 0, NULL, '2024-08-25 16:24:00', 'Kepala Sekolah Login'),
(1133, 0, NULL, '2024-08-25 16:24:00', 'Kepala Sekolah Login'),
(1134, 0, 8, '2024-08-25 16:24:02', 'Ketua Ruang Login'),
(1135, 0, NULL, '2024-08-25 16:24:02', 'Kepala Sekolah Login'),
(1136, 0, NULL, '2024-08-25 16:24:08', 'Kepala Sekolah Login'),
(1137, 0, NULL, '2024-08-25 16:24:08', 'Kepala Sekolah Login'),
(1138, 0, NULL, '2024-08-25 16:24:12', 'Kepala Sekolah Login'),
(1139, 0, 8, '2024-08-25 16:24:14', 'Ketua Ruang Login'),
(1140, 0, NULL, '2024-08-25 16:24:14', 'Kepala Sekolah Login'),
(1141, 0, 8, '2024-08-25 16:24:15', 'Ketua Ruang Login'),
(1142, 0, NULL, '2024-08-25 16:24:15', 'Kepala Sekolah Login'),
(1143, 0, 8, '2024-08-25 16:24:17', 'Ketua Ruang Login'),
(1144, 0, NULL, '2024-08-25 16:24:17', 'Kepala Sekolah Login'),
(1145, 0, NULL, '2024-08-25 16:24:20', 'Kepala Sekolah Login'),
(1146, 0, NULL, '2024-08-25 16:24:21', 'Kepala Sekolah Login'),
(1147, 0, 8, '2024-08-25 16:24:22', 'Ketua Ruang Login'),
(1148, 0, NULL, '2024-08-25 16:24:23', 'Kepala Sekolah Login'),
(1149, 0, 8, '2024-08-25 16:24:28', 'Ketua Ruang Login'),
(1150, 0, NULL, '2024-08-25 16:24:28', 'Kepala Sekolah Login'),
(1151, 0, NULL, '2024-08-25 16:24:29', 'Kepala Sekolah Login'),
(1152, 0, NULL, '2024-08-25 16:24:32', 'Kepala Sekolah Login'),
(1153, 0, 8, '2024-08-25 16:24:33', 'Ketua Ruang Login'),
(1154, 0, NULL, '2024-08-25 16:24:34', 'Kepala Sekolah Login'),
(1155, 0, NULL, '2024-08-25 16:24:35', 'Kepala Sekolah Login'),
(1156, 0, NULL, '2024-08-25 16:24:37', 'Kepala Sekolah Login'),
(1157, 0, NULL, '2024-08-25 16:24:38', 'Kepala Sekolah Login'),
(1158, 0, NULL, '2024-08-25 16:24:40', 'Kepala Sekolah Login'),
(1159, 0, NULL, '2024-08-25 16:24:44', 'Kepala Sekolah Login'),
(1160, 0, NULL, '2024-08-25 16:24:49', 'Kepala Sekolah Login'),
(1161, 0, NULL, '2024-08-25 16:24:49', 'Kepala Sekolah Login'),
(1162, 0, NULL, '2024-08-25 16:24:50', 'Kepala Sekolah Login'),
(1163, 0, NULL, '2024-08-25 16:24:54', 'Kepala Sekolah Login'),
(1164, 0, NULL, '2024-08-25 16:24:55', 'Kepala Sekolah Login'),
(1165, 0, 8, '2024-08-25 16:24:55', 'Ketua Ruang Login'),
(1166, 0, 8, '2024-08-25 16:24:56', 'Ketua Ruang Login'),
(1167, 0, 8, '2024-08-25 16:24:56', 'Ketua Ruang Login'),
(1168, 0, 8, '2024-08-25 16:24:58', 'Ketua Ruang Login'),
(1169, 0, NULL, '2024-08-25 16:24:59', 'Kepala Sekolah Login'),
(1170, 0, NULL, '2024-08-25 16:24:59', 'Kepala Sekolah Login'),
(1171, 0, NULL, '2024-08-25 16:25:00', 'Kepala Sekolah Login'),
(1172, 0, 8, '2024-08-25 16:25:04', 'Ketua Ruang Login'),
(1173, 0, NULL, '2024-08-25 16:25:05', 'Kepala Sekolah Login'),
(1174, 0, NULL, '2024-08-25 16:25:08', 'Kepala Sekolah Login'),
(1175, 0, 8, '2024-08-25 16:25:09', 'Ketua Ruang Login'),
(1176, 0, NULL, '2024-08-25 16:25:10', 'Kepala Sekolah Login'),
(1177, 0, NULL, '2024-08-25 16:25:10', 'Kepala Sekolah Login'),
(1178, 0, NULL, '2024-08-25 16:25:13', 'Kepala Sekolah Login'),
(1179, 0, 8, '2024-08-25 16:25:15', 'Ketua Ruang Login'),
(1180, 0, NULL, '2024-08-25 16:25:15', 'Kepala Sekolah Login'),
(1181, 0, NULL, '2024-08-25 16:25:17', 'Kepala Sekolah Login'),
(1182, 0, 8, '2024-08-25 16:25:24', 'Ketua Ruang Login'),
(1183, 0, NULL, '2024-08-25 16:25:25', 'Kepala Sekolah Login'),
(1184, 0, NULL, '2024-08-25 16:25:25', 'Kepala Sekolah Login'),
(1185, 0, NULL, '2024-08-25 16:25:25', 'Kepala Sekolah Login'),
(1186, 0, NULL, '2024-08-25 16:25:27', 'Kepala Sekolah Login'),
(1187, 0, NULL, '2024-08-25 16:25:28', 'Kepala Sekolah Login'),
(1188, 0, 8, '2024-08-25 16:25:29', 'Ketua Ruang Login'),
(1189, 0, NULL, '2024-08-25 16:25:32', 'Kepala Sekolah Login'),
(1190, 0, 8, '2024-08-25 16:25:34', 'Ketua Ruang Login'),
(1191, 0, NULL, '2024-08-25 16:25:35', 'Kepala Sekolah Login'),
(1192, 0, NULL, '2024-08-25 16:25:39', 'Kepala Sekolah Login'),
(1193, 0, NULL, '2024-08-25 16:25:40', 'Kepala Sekolah Login'),
(1194, 0, NULL, '2024-08-25 16:25:42', 'Kepala Sekolah Login'),
(1195, 0, NULL, '2024-08-25 16:25:45', 'Kepala Sekolah Login'),
(1196, 0, 8, '2024-08-25 16:25:46', 'Ketua Ruang Login'),
(1197, 0, 8, '2024-08-25 16:25:46', 'Ketua Ruang Login'),
(1198, 0, NULL, '2024-08-25 16:25:48', 'Kepala Sekolah Login'),
(1199, 0, 8, '2024-08-25 16:25:48', 'Ketua Ruang Login'),
(1200, 0, 8, '2024-08-25 16:25:49', 'Ketua Ruang Login'),
(1201, 0, NULL, '2024-08-25 16:25:50', 'Kepala Sekolah Login'),
(1202, 0, NULL, '2024-08-25 16:25:52', 'Kepala Sekolah Login'),
(1203, 0, NULL, '2024-08-25 16:25:55', 'Kepala Sekolah Login'),
(1204, 0, NULL, '2024-08-25 16:25:59', 'Kepala Sekolah Login'),
(1205, 0, NULL, '2024-08-25 16:26:01', 'Kepala Sekolah Login'),
(1206, 0, NULL, '2024-08-25 16:26:02', 'Kepala Sekolah Login'),
(1207, 0, NULL, '2024-08-25 16:26:04', 'Kepala Sekolah Login'),
(1208, 0, NULL, '2024-08-25 16:26:04', 'Kepala Sekolah Login'),
(1209, 0, 8, '2024-08-25 16:26:04', 'Ketua Ruang Login'),
(1210, 0, NULL, '2024-08-25 16:26:06', 'Kepala Sekolah Login'),
(1211, 0, 8, '2024-08-25 16:26:08', 'Ketua Ruang Login'),
(1212, 0, NULL, '2024-08-25 16:26:13', 'Kepala Sekolah Login'),
(1213, 0, NULL, '2024-08-25 16:26:14', 'Kepala Sekolah Login'),
(1214, 0, NULL, '2024-08-25 16:26:14', 'Kepala Sekolah Login'),
(1215, 0, NULL, '2024-08-25 16:26:15', 'Kepala Sekolah Login'),
(1216, 0, 8, '2024-08-25 16:26:16', 'Ketua Ruang Login'),
(1217, 0, NULL, '2024-08-25 16:26:17', 'Kepala Sekolah Login'),
(1218, 0, NULL, '2024-08-25 16:26:19', 'Kepala Sekolah Login'),
(1219, 0, NULL, '2024-08-25 16:26:25', 'Kepala Sekolah Login'),
(1220, 0, 8, '2024-08-25 16:26:25', 'Ketua Ruang Login'),
(1221, 0, NULL, '2024-08-25 16:26:26', 'Kepala Sekolah Login'),
(1222, 0, 8, '2024-08-25 16:26:27', 'Ketua Ruang Login'),
(1223, 0, 8, '2024-08-25 16:26:28', 'Ketua Ruang Login'),
(1224, 0, 8, '2024-08-25 16:26:28', 'Ketua Ruang Login'),
(1225, 0, NULL, '2024-08-25 16:26:29', 'Kepala Sekolah Login'),
(1226, 0, NULL, '2024-08-25 16:26:30', 'Kepala Sekolah Login'),
(1227, 0, NULL, '2024-08-25 16:26:30', 'Kepala Sekolah Login'),
(1228, 0, NULL, '2024-08-25 16:26:31', 'Kepala Sekolah Login'),
(1229, 0, NULL, '2024-08-25 16:26:37', 'Kepala Sekolah Login'),
(1230, 0, NULL, '2024-08-25 16:26:40', 'Kepala Sekolah Login'),
(1231, 0, NULL, '2024-08-25 16:26:40', 'Kepala Sekolah Login'),
(1232, 0, NULL, '2024-08-25 16:26:40', 'Kepala Sekolah Login'),
(1233, 0, NULL, '2024-08-25 16:26:40', 'Kepala Sekolah Login'),
(1234, 0, NULL, '2024-08-25 16:26:45', 'Kepala Sekolah Login'),
(1235, 0, 8, '2024-08-25 16:26:46', 'Ketua Ruang Login'),
(1236, 0, NULL, '2024-08-25 16:26:49', 'Kepala Sekolah Login'),
(1237, 0, 8, '2024-08-25 16:26:50', 'Ketua Ruang Login'),
(1238, 0, 8, '2024-08-25 16:26:52', 'Ketua Ruang Login'),
(1239, 0, 8, '2024-08-26 18:58:43', 'Ketua Ruang Login'),
(1240, 1, NULL, '2024-08-26 18:58:43', 'ADMIN Login'),
(1241, 0, NULL, '2024-08-26 18:58:43', 'Kepala Sekolah Login'),
(1242, 0, 8, '2024-08-26 19:00:01', 'Ketua Ruang Login'),
(1243, 0, NULL, '2024-08-26 19:00:06', 'Kepala Sekolah Login'),
(1244, 0, 8, '2024-08-26 19:00:11', 'Ketua Ruang Login'),
(1245, 0, NULL, '2024-08-26 19:00:16', 'Kepala Sekolah Login'),
(1246, 1, NULL, '2024-08-26 19:00:19', 'ADMIN Login'),
(1247, 0, 8, '2024-08-26 19:00:21', 'Ketua Ruang Login'),
(1248, 0, NULL, '2024-08-26 19:00:22', 'Kepala Sekolah Login'),
(1249, 0, NULL, '2024-08-26 19:00:25', 'Kepala Sekolah Login'),
(1250, 0, 8, '2024-08-26 19:00:31', 'Ketua Ruang Login'),
(1251, 0, NULL, '2024-08-26 19:00:31', 'Kepala Sekolah Login'),
(1252, 1, NULL, '2024-08-26 19:00:31', 'ADMIN Login'),
(1253, 0, NULL, '2024-08-26 19:00:32', 'Kepala Sekolah Login'),
(1254, 0, NULL, '2024-08-26 19:00:35', 'Kepala Sekolah Login'),
(1255, 0, 8, '2024-08-26 19:00:37', 'Ketua Ruang Login'),
(1256, 0, 8, '2024-08-26 19:00:37', 'Ketua Ruang Login'),
(1257, 0, 8, '2024-08-26 19:00:41', 'Ketua Ruang Login'),
(1258, 1, NULL, '2024-08-26 19:00:41', 'ADMIN Login'),
(1259, 0, NULL, '2024-08-26 19:00:42', 'Kepala Sekolah Login'),
(1260, 1, NULL, '2024-08-26 19:00:46', 'ADMIN Login'),
(1261, 0, NULL, '2024-08-26 19:00:47', 'Kepala Sekolah Login'),
(1262, 0, NULL, '2024-08-26 19:00:49', 'Kepala Sekolah Login'),
(1263, 1, NULL, '2024-08-26 19:00:49', 'ADMIN Login'),
(1264, 0, NULL, '2024-08-26 19:00:51', 'Kepala Sekolah Login'),
(1265, 0, NULL, '2024-08-26 19:00:53', 'Kepala Sekolah Login'),
(1266, 0, NULL, '2024-08-26 19:00:56', 'Kepala Sekolah Login'),
(1267, 0, 8, '2024-08-26 19:00:56', 'Ketua Ruang Login'),
(1268, 0, 8, '2024-08-26 19:00:59', 'Ketua Ruang Login'),
(1269, 0, NULL, '2024-08-26 19:01:02', 'Kepala Sekolah Login'),
(1270, 0, NULL, '2024-08-26 19:01:02', 'Kepala Sekolah Login'),
(1271, 0, NULL, '2024-08-26 19:01:03', 'Kepala Sekolah Login'),
(1272, 0, 8, '2024-08-26 19:01:06', 'Ketua Ruang Login'),
(1273, 0, NULL, '2024-08-26 19:01:07', 'Kepala Sekolah Login'),
(1274, 0, NULL, '2024-08-26 19:01:09', 'Kepala Sekolah Login'),
(1275, 0, 8, '2024-08-26 19:01:11', 'Ketua Ruang Login'),
(1276, 0, NULL, '2024-08-26 19:01:14', 'Kepala Sekolah Login'),
(1277, 0, NULL, '2024-08-26 19:01:17', 'Kepala Sekolah Login'),
(1278, 0, NULL, '2024-08-26 19:01:19', 'Kepala Sekolah Login'),
(1279, 0, 8, '2024-08-26 19:01:21', 'Ketua Ruang Login'),
(1280, 0, NULL, '2024-08-26 19:01:21', 'Kepala Sekolah Login'),
(1281, 1, NULL, '2024-08-26 19:01:22', 'ADMIN Login'),
(1282, 0, 8, '2024-08-26 19:01:23', 'Ketua Ruang Login'),
(1283, 0, NULL, '2024-08-26 19:01:26', 'Kepala Sekolah Login'),
(1284, 1, NULL, '2024-08-26 19:01:27', 'ADMIN Login'),
(1285, 0, NULL, '2024-08-26 19:01:28', 'Kepala Sekolah Login'),
(1286, 0, NULL, '2024-08-26 19:01:29', 'Kepala Sekolah Login'),
(1287, 1, NULL, '2024-08-26 19:01:31', 'ADMIN Login'),
(1288, 0, NULL, '2024-08-26 19:01:31', 'Kepala Sekolah Login'),
(1289, 1, NULL, '2024-08-26 19:01:34', 'ADMIN Login'),
(1290, 0, NULL, '2024-08-26 19:01:35', 'Kepala Sekolah Login'),
(1291, 0, 8, '2024-08-26 19:01:37', 'Ketua Ruang Login'),
(1292, 0, 8, '2024-08-26 19:01:37', 'Ketua Ruang Login'),
(1293, 0, 8, '2024-08-26 19:01:38', 'Ketua Ruang Login'),
(1294, 0, NULL, '2024-08-26 19:01:41', 'Kepala Sekolah Login'),
(1295, 1, NULL, '2024-08-26 19:01:41', 'ADMIN Login'),
(1296, 0, NULL, '2024-08-26 19:01:42', 'Kepala Sekolah Login'),
(1297, 0, NULL, '2024-08-26 19:01:43', 'Kepala Sekolah Login'),
(1298, 0, NULL, '2024-08-26 19:01:44', 'Kepala Sekolah Login'),
(1299, 0, NULL, '2024-08-26 19:01:44', 'Kepala Sekolah Login'),
(1300, 0, 8, '2024-08-26 19:01:46', 'Ketua Ruang Login'),
(1301, 0, NULL, '2024-08-26 19:01:55', 'Kepala Sekolah Login'),
(1302, 0, NULL, '2024-08-26 19:01:56', 'Kepala Sekolah Login'),
(1303, 0, NULL, '2024-08-26 19:01:57', 'Kepala Sekolah Login'),
(1304, 0, 8, '2024-08-26 19:01:58', 'Ketua Ruang Login'),
(1305, 0, NULL, '2024-08-26 19:01:58', 'Kepala Sekolah Login'),
(1306, 0, NULL, '2024-08-26 19:02:01', 'Kepala Sekolah Login'),
(1307, 0, NULL, '2024-08-26 19:02:05', 'Kepala Sekolah Login'),
(1308, 0, 8, '2024-08-26 19:02:09', 'Ketua Ruang Login'),
(1309, 1, NULL, '2024-08-26 19:02:09', 'ADMIN Login'),
(1310, 0, NULL, '2024-08-26 19:02:10', 'Kepala Sekolah Login'),
(1311, 0, NULL, '2024-08-26 19:02:11', 'Kepala Sekolah Login'),
(1312, 0, NULL, '2024-08-26 19:02:12', 'Kepala Sekolah Login'),
(1313, 0, NULL, '2024-08-26 19:02:15', 'Kepala Sekolah Login'),
(1314, 0, 8, '2024-08-26 19:02:16', 'Ketua Ruang Login'),
(1315, 0, NULL, '2024-08-26 19:02:16', 'Kepala Sekolah Login'),
(1316, 1, NULL, '2024-08-26 19:02:18', 'ADMIN Login'),
(1317, 0, 8, '2024-08-26 19:02:19', 'Ketua Ruang Login'),
(1318, 0, 8, '2024-08-26 19:02:21', 'Ketua Ruang Login'),
(1319, 0, NULL, '2024-08-26 19:02:23', 'Kepala Sekolah Login'),
(1320, 0, NULL, '2024-08-26 19:02:27', 'Kepala Sekolah Login'),
(1321, 0, NULL, '2024-08-26 19:02:29', 'Kepala Sekolah Login'),
(1322, 1, NULL, '2024-08-26 19:02:29', 'ADMIN Login'),
(1323, 1, NULL, '2024-08-26 19:02:29', 'ADMIN Login'),
(1324, 0, NULL, '2024-08-26 19:02:30', 'Kepala Sekolah Login'),
(1325, 0, NULL, '2024-08-26 19:02:31', 'Kepala Sekolah Login'),
(1326, 0, NULL, '2024-08-26 19:02:33', 'Kepala Sekolah Login'),
(1327, 0, 8, '2024-08-26 19:02:40', 'Ketua Ruang Login'),
(1328, 1, NULL, '2024-08-26 19:02:40', 'ADMIN Login'),
(1329, 0, NULL, '2024-08-26 19:02:40', 'Kepala Sekolah Login'),
(1330, 0, 8, '2024-08-26 19:02:41', 'Ketua Ruang Login'),
(1331, 0, NULL, '2024-08-26 19:02:43', 'Kepala Sekolah Login'),
(1332, 0, NULL, '2024-08-26 19:02:43', 'Kepala Sekolah Login'),
(1333, 0, 8, '2024-08-26 19:02:43', 'Ketua Ruang Login'),
(1334, 0, NULL, '2024-08-26 19:02:44', 'Kepala Sekolah Login'),
(1335, 0, NULL, '2024-08-26 19:02:46', 'Kepala Sekolah Login'),
(1336, 0, 8, '2024-08-26 19:02:46', 'Ketua Ruang Login'),
(1337, 0, NULL, '2024-08-26 19:02:49', 'Kepala Sekolah Login'),
(1338, 0, NULL, '2024-08-26 19:02:52', 'Kepala Sekolah Login'),
(1339, 0, NULL, '2024-08-26 19:02:58', 'Kepala Sekolah Login'),
(1340, 0, 8, '2024-08-26 19:02:59', 'Ketua Ruang Login'),
(1341, 0, NULL, '2024-08-26 19:03:00', 'Kepala Sekolah Login'),
(1342, 1, NULL, '2024-08-26 19:03:00', 'ADMIN Login'),
(1343, 0, NULL, '2024-08-26 19:03:01', 'Kepala Sekolah Login'),
(1344, 1, NULL, '2024-08-26 19:03:02', 'ADMIN Login'),
(1345, 0, NULL, '2024-08-26 19:03:06', 'Kepala Sekolah Login'),
(1346, 0, NULL, '2024-08-26 19:03:08', 'Kepala Sekolah Login'),
(1347, 1, NULL, '2024-08-26 19:03:08', 'ADMIN Login'),
(1348, 0, NULL, '2024-08-26 19:03:09', 'Kepala Sekolah Login'),
(1349, 0, NULL, '2024-08-26 19:03:09', 'Kepala Sekolah Login'),
(1350, 0, 8, '2024-08-26 19:03:11', 'Ketua Ruang Login'),
(1351, 0, NULL, '2024-08-26 19:03:11', 'Kepala Sekolah Login'),
(1352, 0, 8, '2024-08-26 19:03:12', 'Ketua Ruang Login'),
(1353, 1, NULL, '2024-08-26 19:03:15', 'ADMIN Login'),
(1354, 0, NULL, '2024-08-26 19:03:18', 'Kepala Sekolah Login'),
(1355, 0, 8, '2024-08-26 19:03:20', 'Ketua Ruang Login'),
(1356, 0, NULL, '2024-08-26 19:03:21', 'Kepala Sekolah Login'),
(1357, 1, NULL, '2024-08-26 19:03:21', 'ADMIN Login'),
(1358, 0, 8, '2024-08-26 19:03:22', 'Ketua Ruang Login'),
(1359, 0, NULL, '2024-08-26 19:03:23', 'Kepala Sekolah Login'),
(1360, 0, NULL, '2024-08-26 19:03:23', 'Kepala Sekolah Login'),
(1361, 0, NULL, '2024-08-26 19:03:25', 'Kepala Sekolah Login'),
(1362, 0, NULL, '2024-08-26 19:03:32', 'Kepala Sekolah Login'),
(1363, 0, NULL, '2024-08-26 19:03:34', 'Kepala Sekolah Login'),
(1364, 0, NULL, '2024-08-26 19:03:38', 'Kepala Sekolah Login'),
(1365, 0, NULL, '2024-08-26 19:03:39', 'Kepala Sekolah Login'),
(1366, 0, NULL, '2024-08-26 19:03:40', 'Kepala Sekolah Login'),
(1367, 0, 8, '2024-08-26 19:03:41', 'Ketua Ruang Login'),
(1368, 1, NULL, '2024-08-26 19:03:41', 'ADMIN Login'),
(1369, 0, 8, '2024-08-26 19:03:46', 'Ketua Ruang Login'),
(1370, 0, NULL, '2024-08-26 19:03:49', 'Kepala Sekolah Login'),
(1371, 0, 8, '2024-08-26 19:03:49', 'Ketua Ruang Login'),
(1372, 0, NULL, '2024-08-26 19:03:49', 'Kepala Sekolah Login'),
(1373, 0, NULL, '2024-08-26 19:03:50', 'Kepala Sekolah Login'),
(1374, 0, 8, '2024-08-26 19:03:51', 'Ketua Ruang Login'),
(1375, 0, NULL, '2024-08-26 19:03:53', 'Kepala Sekolah Login'),
(1376, 0, 8, '2024-08-26 19:03:54', 'Ketua Ruang Login'),
(1377, 0, NULL, '2024-08-26 19:03:56', 'Kepala Sekolah Login'),
(1378, 1, NULL, '2024-08-26 19:03:57', 'ADMIN Login'),
(1379, 1, NULL, '2024-08-26 19:04:01', 'ADMIN Login'),
(1380, 0, NULL, '2024-08-26 19:04:02', 'Kepala Sekolah Login'),
(1381, 0, NULL, '2024-08-26 19:04:04', 'Kepala Sekolah Login'),
(1382, 1, NULL, '2024-08-26 19:04:06', 'ADMIN Login'),
(1383, 0, NULL, '2024-08-26 19:04:07', 'Kepala Sekolah Login'),
(1384, 0, NULL, '2024-08-26 19:04:07', 'Kepala Sekolah Login'),
(1385, 1, NULL, '2024-08-26 19:04:09', 'ADMIN Login'),
(1386, 0, 8, '2024-08-26 19:04:12', 'Ketua Ruang Login'),
(1387, 0, NULL, '2024-08-26 19:04:12', 'Kepala Sekolah Login'),
(1388, 0, NULL, '2024-08-26 19:04:14', 'Kepala Sekolah Login'),
(1389, 0, 8, '2024-08-26 19:04:14', 'Ketua Ruang Login'),
(1390, 0, NULL, '2024-08-26 19:04:18', 'Kepala Sekolah Login'),
(1391, 0, NULL, '2024-08-26 19:04:20', 'Kepala Sekolah Login'),
(1392, 0, 8, '2024-08-26 19:04:21', 'Ketua Ruang Login'),
(1393, 0, NULL, '2024-08-26 19:04:21', 'Kepala Sekolah Login'),
(1394, 0, 8, '2024-08-26 19:04:24', 'Ketua Ruang Login'),
(1395, 1, NULL, '2024-08-26 19:04:26', 'ADMIN Login'),
(1396, 0, NULL, '2024-08-26 19:04:28', 'Kepala Sekolah Login'),
(1397, 0, NULL, '2024-08-26 19:04:29', 'Kepala Sekolah Login'),
(1398, 0, NULL, '2024-08-26 19:04:32', 'Kepala Sekolah Login'),
(1399, 0, 8, '2024-08-26 19:04:32', 'Ketua Ruang Login'),
(1400, 0, NULL, '2024-08-26 19:04:37', 'Kepala Sekolah Login'),
(1401, 0, NULL, '2024-08-26 19:04:37', 'Kepala Sekolah Login'),
(1402, 0, NULL, '2024-08-26 19:04:39', 'Kepala Sekolah Login'),
(1403, 0, 8, '2024-08-26 19:04:43', 'Ketua Ruang Login'),
(1404, 0, NULL, '2024-08-26 19:04:43', 'Kepala Sekolah Login'),
(1405, 0, 8, '2024-08-26 19:04:44', 'Ketua Ruang Login'),
(1406, 0, NULL, '2024-08-26 19:04:44', 'Kepala Sekolah Login'),
(1407, 1, NULL, '2024-08-26 19:04:46', 'ADMIN Login'),
(1408, 0, NULL, '2024-08-26 19:04:47', 'Kepala Sekolah Login'),
(1409, 1, NULL, '2024-08-26 19:04:47', 'ADMIN Login'),
(1410, 0, NULL, '2024-08-26 19:04:52', 'Kepala Sekolah Login'),
(1411, 0, NULL, '2024-08-26 19:04:55', 'Kepala Sekolah Login'),
(1412, 0, 8, '2024-08-26 19:04:55', 'Ketua Ruang Login'),
(1413, 0, NULL, '2024-08-26 19:04:56', 'Kepala Sekolah Login'),
(1414, 0, NULL, '2024-08-26 19:04:57', 'Kepala Sekolah Login'),
(1415, 0, NULL, '2024-08-26 19:04:58', 'Kepala Sekolah Login'),
(1416, 0, 8, '2024-08-26 19:04:59', 'Ketua Ruang Login'),
(1417, 0, 8, '2024-08-26 19:05:00', 'Ketua Ruang Login'),
(1418, 0, NULL, '2024-08-26 19:05:01', 'Kepala Sekolah Login'),
(1419, 0, NULL, '2024-08-26 19:05:07', 'Kepala Sekolah Login'),
(1420, 0, NULL, '2024-08-26 19:05:09', 'Kepala Sekolah Login'),
(1421, 0, NULL, '2024-08-26 19:05:10', 'Kepala Sekolah Login'),
(1422, 0, 8, '2024-08-26 19:05:10', 'Ketua Ruang Login'),
(1423, 0, NULL, '2024-08-26 19:05:14', 'Kepala Sekolah Login'),
(1424, 0, 8, '2024-08-26 19:05:15', 'Ketua Ruang Login'),
(1425, 0, NULL, '2024-08-26 19:05:15', 'Kepala Sekolah Login'),
(1426, 0, NULL, '2024-08-26 19:05:17', 'Kepala Sekolah Login'),
(1427, 0, 8, '2024-08-26 19:05:23', 'Ketua Ruang Login'),
(1428, 0, NULL, '2024-08-26 19:05:23', 'Kepala Sekolah Login'),
(1429, 0, NULL, '2024-08-26 19:05:25', 'Kepala Sekolah Login'),
(1430, 0, NULL, '2024-08-26 19:05:28', 'Kepala Sekolah Login'),
(1431, 0, 8, '2024-08-26 19:05:29', 'Ketua Ruang Login'),
(1432, 0, NULL, '2024-08-26 19:05:32', 'Kepala Sekolah Login'),
(1433, 0, 8, '2024-08-26 19:05:33', 'Ketua Ruang Login'),
(1434, 0, NULL, '2024-08-26 19:05:34', 'Kepala Sekolah Login'),
(1435, 0, NULL, '2024-08-26 19:05:35', 'Kepala Sekolah Login'),
(1436, 0, NULL, '2024-08-26 19:05:38', 'Kepala Sekolah Login'),
(1437, 0, NULL, '2024-08-26 19:05:41', 'Kepala Sekolah Login'),
(1438, 0, 8, '2024-08-26 19:05:41', 'Ketua Ruang Login'),
(1439, 0, 8, '2024-08-26 19:05:47', 'Ketua Ruang Login'),
(1440, 0, NULL, '2024-08-26 19:05:48', 'Kepala Sekolah Login'),
(1441, 0, NULL, '2024-08-26 19:05:48', 'Kepala Sekolah Login'),
(1442, 0, NULL, '2024-08-26 19:05:49', 'Kepala Sekolah Login'),
(1443, 0, 8, '2024-08-26 19:05:50', 'Ketua Ruang Login'),
(1444, 0, NULL, '2024-08-26 19:05:50', 'Kepala Sekolah Login'),
(1445, 0, NULL, '2024-08-26 19:05:53', 'Kepala Sekolah Login'),
(1446, 0, NULL, '2024-08-26 19:06:00', 'Kepala Sekolah Login'),
(1447, 0, NULL, '2024-08-26 19:06:00', 'Kepala Sekolah Login'),
(1448, 0, 8, '2024-08-26 19:06:02', 'Ketua Ruang Login'),
(1449, 0, NULL, '2024-08-26 19:06:02', 'Kepala Sekolah Login'),
(1450, 0, NULL, '2024-08-26 19:06:04', 'Kepala Sekolah Login'),
(1451, 0, NULL, '2024-08-26 19:06:07', 'Kepala Sekolah Login'),
(1452, 0, 8, '2024-08-26 19:06:08', 'Ketua Ruang Login'),
(1453, 0, NULL, '2024-08-26 19:06:12', 'Kepala Sekolah Login'),
(1454, 0, 8, '2024-08-26 19:06:12', 'Ketua Ruang Login'),
(1455, 0, 8, '2024-08-26 19:06:14', 'Ketua Ruang Login'),
(1456, 0, NULL, '2024-08-26 19:06:14', 'Kepala Sekolah Login'),
(1457, 0, 8, '2024-08-26 19:06:15', 'Ketua Ruang Login'),
(1458, 0, NULL, '2024-08-26 19:06:16', 'Kepala Sekolah Login'),
(1459, 0, NULL, '2024-08-26 19:06:18', 'Kepala Sekolah Login'),
(1460, 0, NULL, '2024-08-26 19:06:21', 'Kepala Sekolah Login'),
(1461, 0, NULL, '2024-08-26 19:06:22', 'Kepala Sekolah Login'),
(1462, 0, NULL, '2024-08-26 19:06:26', 'Kepala Sekolah Login'),
(1463, 0, 8, '2024-08-26 19:06:31', 'Ketua Ruang Login'),
(1464, 0, NULL, '2024-08-26 19:06:32', 'Kepala Sekolah Login'),
(1465, 0, 8, '2024-08-26 19:06:35', 'Ketua Ruang Login'),
(1466, 0, NULL, '2024-08-26 19:06:35', 'Kepala Sekolah Login'),
(1467, 0, NULL, '2024-08-26 19:06:36', 'Kepala Sekolah Login'),
(1468, 0, NULL, '2024-08-26 19:06:38', 'Kepala Sekolah Login'),
(1469, 0, NULL, '2024-08-26 19:06:39', 'Kepala Sekolah Login'),
(1470, 0, NULL, '2024-08-26 19:06:43', 'Kepala Sekolah Login'),
(1471, 0, 8, '2024-08-26 19:06:47', 'Ketua Ruang Login'),
(1472, 0, NULL, '2024-08-26 19:06:47', 'Kepala Sekolah Login'),
(1473, 0, NULL, '2024-08-26 19:06:50', 'Kepala Sekolah Login'),
(1474, 0, NULL, '2024-08-26 19:06:51', 'Kepala Sekolah Login'),
(1475, 0, 8, '2024-08-26 19:06:51', 'Ketua Ruang Login'),
(1476, 0, NULL, '2024-08-26 19:06:51', 'Kepala Sekolah Login'),
(1477, 0, 8, '2024-08-26 19:06:56', 'Ketua Ruang Login'),
(1478, 0, NULL, '2024-08-26 19:06:59', 'Kepala Sekolah Login'),
(1479, 0, NULL, '2024-08-26 19:07:01', 'Kepala Sekolah Login'),
(1480, 0, 8, '2024-08-26 19:07:04', 'Ketua Ruang Login'),
(1481, 0, NULL, '2024-08-26 19:07:05', 'Kepala Sekolah Login'),
(1482, 0, NULL, '2024-08-26 19:07:05', 'Kepala Sekolah Login'),
(1483, 0, NULL, '2024-08-26 19:07:06', 'Kepala Sekolah Login'),
(1484, 0, NULL, '2024-08-26 19:07:11', 'Kepala Sekolah Login'),
(1485, 0, 8, '2024-08-26 19:07:11', 'Ketua Ruang Login'),
(1486, 0, NULL, '2024-08-26 19:07:13', 'Kepala Sekolah Login'),
(1487, 0, NULL, '2024-08-26 19:07:15', 'Kepala Sekolah Login'),
(1488, 0, NULL, '2024-08-26 19:07:18', 'Kepala Sekolah Login'),
(1489, 0, 8, '2024-08-26 19:07:19', 'Ketua Ruang Login'),
(1490, 0, 8, '2024-08-26 19:07:20', 'Ketua Ruang Login'),
(1491, 0, NULL, '2024-08-26 19:07:23', 'Kepala Sekolah Login'),
(1492, 0, NULL, '2024-08-26 19:07:23', 'Kepala Sekolah Login'),
(1493, 0, NULL, '2024-08-26 19:07:27', 'Kepala Sekolah Login'),
(1494, 0, 8, '2024-08-26 19:07:30', 'Ketua Ruang Login'),
(1495, 0, NULL, '2024-08-26 19:07:30', 'Kepala Sekolah Login'),
(1496, 0, NULL, '2024-08-26 19:07:31', 'Kepala Sekolah Login'),
(1497, 0, 8, '2024-08-26 19:07:32', 'Ketua Ruang Login'),
(1498, 0, NULL, '2024-08-26 19:07:32', 'Kepala Sekolah Login'),
(1499, 0, 8, '2024-08-26 19:07:35', 'Ketua Ruang Login'),
(1500, 0, NULL, '2024-08-26 19:07:38', 'Kepala Sekolah Login'),
(1501, 0, NULL, '2024-08-26 19:07:41', 'Kepala Sekolah Login'),
(1502, 0, NULL, '2024-08-26 19:07:44', 'Kepala Sekolah Login'),
(1503, 0, NULL, '2024-08-26 19:07:48', 'Kepala Sekolah Login'),
(1504, 0, 8, '2024-08-26 19:07:48', 'Ketua Ruang Login'),
(1505, 0, NULL, '2024-08-26 19:07:50', 'Kepala Sekolah Login'),
(1506, 0, NULL, '2024-08-26 19:07:50', 'Kepala Sekolah Login'),
(1507, 0, 8, '2024-08-26 19:07:57', 'Ketua Ruang Login'),
(1508, 0, NULL, '2024-08-26 19:07:58', 'Kepala Sekolah Login'),
(1509, 0, 8, '2024-08-26 19:08:00', 'Ketua Ruang Login'),
(1510, 0, NULL, '2024-08-26 19:08:00', 'Kepala Sekolah Login'),
(1511, 0, 8, '2024-08-26 19:08:02', 'Ketua Ruang Login'),
(1512, 0, 8, '2024-08-26 19:08:03', 'Ketua Ruang Login'),
(1513, 0, NULL, '2024-08-26 19:08:03', 'Kepala Sekolah Login'),
(1514, 0, NULL, '2024-08-26 19:08:04', 'Kepala Sekolah Login'),
(1515, 0, NULL, '2024-08-26 19:08:04', 'Kepala Sekolah Login'),
(1516, 0, NULL, '2024-08-26 19:08:15', 'Kepala Sekolah Login'),
(1517, 0, NULL, '2024-08-26 19:08:15', 'Kepala Sekolah Login'),
(1518, 0, NULL, '2024-08-26 19:08:17', 'Kepala Sekolah Login'),
(1519, 0, NULL, '2024-08-26 19:08:18', 'Kepala Sekolah Login'),
(1520, 0, 8, '2024-08-26 19:08:18', 'Ketua Ruang Login'),
(1521, 0, 8, '2024-08-26 19:08:21', 'Ketua Ruang Login'),
(1522, 0, NULL, '2024-08-26 19:08:21', 'Kepala Sekolah Login'),
(1523, 0, NULL, '2024-08-26 19:08:24', 'Kepala Sekolah Login'),
(1524, 0, NULL, '2024-08-26 19:08:27', 'Kepala Sekolah Login'),
(1525, 0, NULL, '2024-08-26 19:08:30', 'Kepala Sekolah Login'),
(1526, 0, NULL, '2024-08-26 19:08:30', 'Kepala Sekolah Login'),
(1527, 0, NULL, '2024-08-26 19:08:35', 'Kepala Sekolah Login'),
(1528, 0, 8, '2024-08-26 19:08:35', 'Ketua Ruang Login'),
(1529, 0, 8, '2024-08-26 19:08:36', 'Ketua Ruang Login'),
(1530, 0, 8, '2024-08-26 19:08:36', 'Ketua Ruang Login'),
(1531, 0, NULL, '2024-08-26 19:08:37', 'Kepala Sekolah Login'),
(1532, 0, NULL, '2024-08-26 19:08:41', 'Kepala Sekolah Login'),
(1533, 0, 8, '2024-08-26 19:08:43', 'Ketua Ruang Login'),
(1534, 0, NULL, '2024-08-26 19:08:43', 'Kepala Sekolah Login'),
(1535, 0, 8, '2024-08-26 19:08:43', 'Ketua Ruang Login'),
(1536, 0, NULL, '2024-08-26 19:08:44', 'Kepala Sekolah Login'),
(1537, 0, NULL, '2024-08-26 19:08:44', 'Kepala Sekolah Login'),
(1538, 0, NULL, '2024-08-26 19:08:52', 'Kepala Sekolah Login'),
(1539, 0, NULL, '2024-08-26 19:08:55', 'Kepala Sekolah Login'),
(1540, 0, NULL, '2024-08-26 19:08:57', 'Kepala Sekolah Login'),
(1541, 0, NULL, '2024-08-26 19:09:00', 'Kepala Sekolah Login'),
(1542, 0, NULL, '2024-08-26 19:09:00', 'Kepala Sekolah Login'),
(1543, 0, NULL, '2024-08-26 19:09:05', 'Kepala Sekolah Login'),
(1544, 0, NULL, '2024-08-26 19:09:06', 'Kepala Sekolah Login'),
(1545, 0, 8, '2024-08-26 19:09:08', 'Ketua Ruang Login'),
(1546, 0, NULL, '2024-08-26 19:09:09', 'Kepala Sekolah Login'),
(1547, 0, 8, '2024-08-26 19:09:10', 'Ketua Ruang Login'),
(1548, 0, NULL, '2024-08-26 19:09:10', 'Kepala Sekolah Login'),
(1549, 0, 8, '2024-08-26 19:09:11', 'Ketua Ruang Login'),
(1550, 0, 8, '2024-08-26 19:09:11', 'Ketua Ruang Login'),
(1551, 0, 8, '2024-08-26 19:09:11', 'Ketua Ruang Login'),
(1552, 0, NULL, '2024-08-26 19:09:14', 'Kepala Sekolah Login'),
(1553, 0, NULL, '2024-08-26 19:09:14', 'Kepala Sekolah Login'),
(1554, 0, NULL, '2024-08-26 19:09:21', 'Kepala Sekolah Login'),
(1555, 0, NULL, '2024-08-26 19:09:22', 'Kepala Sekolah Login'),
(1556, 0, NULL, '2024-08-26 19:09:24', 'Kepala Sekolah Login'),
(1557, 0, NULL, '2024-08-26 19:09:24', 'Kepala Sekolah Login'),
(1558, 0, NULL, '2024-08-26 19:09:25', 'Kepala Sekolah Login'),
(1559, 0, NULL, '2024-08-26 19:09:34', 'Kepala Sekolah Login'),
(1560, 0, NULL, '2024-08-26 19:09:35', 'Kepala Sekolah Login'),
(1561, 0, NULL, '2024-08-26 19:09:38', 'Kepala Sekolah Login'),
(1562, 0, 8, '2024-08-26 19:09:39', 'Ketua Ruang Login'),
(1563, 0, NULL, '2024-08-26 19:09:41', 'Kepala Sekolah Login'),
(1564, 0, 8, '2024-08-26 19:09:41', 'Ketua Ruang Login'),
(1565, 0, NULL, '2024-08-26 19:09:41', 'Kepala Sekolah Login'),
(1566, 0, 8, '2024-08-26 19:09:47', 'Ketua Ruang Login'),
(1567, 0, 8, '2024-08-26 19:09:48', 'Ketua Ruang Login'),
(1568, 0, 8, '2024-08-26 20:08:15', 'Ketua Ruang Login'),
(1569, 0, NULL, '2024-08-26 20:08:21', 'Kepala Sekolah Login'),
(1570, 0, 8, '2024-08-26 20:08:25', 'Ketua Ruang Login'),
(1571, 0, NULL, '2024-08-26 20:08:32', 'Kepala Sekolah Login'),
(1572, 0, 8, '2024-08-26 20:08:35', 'Ketua Ruang Login'),
(1573, 1, NULL, '2024-08-26 20:08:35', 'ADMIN Login'),
(1574, 0, NULL, '2024-08-26 20:08:36', 'Kepala Sekolah Login'),
(1575, 1, NULL, '2024-08-26 20:08:40', 'ADMIN Login'),
(1576, 1, NULL, '2024-08-26 20:08:43', 'ADMIN Login'),
(1577, 0, NULL, '2024-08-26 20:08:44', 'Kepala Sekolah Login'),
(1578, 0, 8, '2024-08-26 20:08:45', 'Ketua Ruang Login'),
(1579, 0, NULL, '2024-08-26 20:08:47', 'Kepala Sekolah Login'),
(1580, 0, NULL, '2024-08-26 20:08:51', 'Kepala Sekolah Login'),
(1581, 0, NULL, '2024-08-26 20:08:52', 'Kepala Sekolah Login'),
(1582, 0, 8, '2024-08-26 20:08:55', 'Ketua Ruang Login'),
(1583, 0, NULL, '2024-08-26 20:08:56', 'Kepala Sekolah Login'),
(1584, 0, 8, '2024-08-26 20:08:57', 'Ketua Ruang Login'),
(1585, 0, 8, '2024-08-26 20:08:58', 'Ketua Ruang Login'),
(1586, 1, NULL, '2024-08-26 20:08:59', 'ADMIN Login'),
(1587, 0, NULL, '2024-08-26 20:09:01', 'Kepala Sekolah Login'),
(1588, 0, NULL, '2024-08-26 20:09:02', 'Kepala Sekolah Login'),
(1589, 0, NULL, '2024-08-26 20:09:03', 'Kepala Sekolah Login'),
(1590, 1, NULL, '2024-08-26 20:09:07', 'ADMIN Login'),
(1591, 0, NULL, '2024-08-26 20:09:07', 'Kepala Sekolah Login'),
(1592, 0, 8, '2024-08-26 20:09:07', 'Ketua Ruang Login'),
(1593, 0, NULL, '2024-08-26 20:09:11', 'Kepala Sekolah Login'),
(1594, 0, NULL, '2024-08-26 20:09:14', 'Kepala Sekolah Login'),
(1595, 0, NULL, '2024-08-26 20:09:16', 'Kepala Sekolah Login'),
(1596, 1, NULL, '2024-08-26 20:09:18', 'ADMIN Login'),
(1597, 0, NULL, '2024-08-26 20:09:18', 'Kepala Sekolah Login'),
(1598, 0, NULL, '2024-08-26 20:09:20', 'Kepala Sekolah Login'),
(1599, 0, NULL, '2024-08-26 20:09:23', 'Kepala Sekolah Login'),
(1600, 1, NULL, '2024-08-26 20:09:24', 'ADMIN Login'),
(1601, 0, 8, '2024-08-26 20:09:25', 'Ketua Ruang Login'),
(1602, 0, NULL, '2024-08-26 20:09:26', 'Kepala Sekolah Login'),
(1603, 0, 8, '2024-08-26 20:09:28', 'Ketua Ruang Login'),
(1604, 0, 8, '2024-08-26 20:09:29', 'Ketua Ruang Login'),
(1605, 0, NULL, '2024-08-26 20:09:31', 'Kepala Sekolah Login'),
(1606, 0, NULL, '2024-08-26 20:09:32', 'Kepala Sekolah Login'),
(1607, 0, NULL, '2024-08-26 20:09:34', 'Kepala Sekolah Login'),
(1608, 0, 8, '2024-08-26 20:09:36', 'Ketua Ruang Login'),
(1609, 0, NULL, '2024-08-26 20:09:36', 'Kepala Sekolah Login'),
(1610, 0, 8, '2024-08-26 20:09:39', 'Ketua Ruang Login'),
(1611, 0, NULL, '2024-08-26 20:09:39', 'Kepala Sekolah Login'),
(1612, 0, NULL, '2024-08-26 20:09:43', 'Kepala Sekolah Login'),
(1613, 1, NULL, '2024-08-26 20:09:43', 'ADMIN Login'),
(1614, 0, NULL, '2024-08-26 20:09:45', 'Kepala Sekolah Login'),
(1615, 0, NULL, '2024-08-26 20:09:46', 'Kepala Sekolah Login'),
(1616, 0, 8, '2024-08-26 20:09:53', 'Ketua Ruang Login'),
(1617, 0, NULL, '2024-08-26 20:09:53', 'Kepala Sekolah Login'),
(1618, 0, NULL, '2024-08-26 20:09:54', 'Kepala Sekolah Login'),
(1619, 0, NULL, '2024-08-26 20:09:56', 'Kepala Sekolah Login'),
(1620, 0, NULL, '2024-08-26 20:09:57', 'Kepala Sekolah Login'),
(1621, 0, 8, '2024-08-26 20:10:01', 'Ketua Ruang Login'),
(1622, 0, NULL, '2024-08-26 20:10:02', 'Kepala Sekolah Login'),
(1623, 1, NULL, '2024-08-26 20:10:02', 'ADMIN Login'),
(1624, 1, NULL, '2024-08-26 20:10:04', 'ADMIN Login'),
(1625, 0, NULL, '2024-08-26 20:10:07', 'Kepala Sekolah Login'),
(1626, 0, 8, '2024-08-26 20:10:09', 'Ketua Ruang Login'),
(1627, 0, NULL, '2024-08-26 20:10:09', 'Kepala Sekolah Login'),
(1628, 1, NULL, '2024-08-26 20:10:10', 'ADMIN Login'),
(1629, 0, NULL, '2024-08-26 20:10:10', 'Kepala Sekolah Login'),
(1630, 0, NULL, '2024-08-26 20:10:10', 'Kepala Sekolah Login'),
(1631, 0, 8, '2024-08-26 20:10:11', 'Ketua Ruang Login'),
(1632, 0, NULL, '2024-08-26 20:10:15', 'Kepala Sekolah Login'),
(1633, 0, 8, '2024-08-26 20:10:15', 'Ketua Ruang Login'),
(1634, 0, NULL, '2024-08-26 20:10:17', 'Kepala Sekolah Login'),
(1635, 1, NULL, '2024-08-26 20:10:20', 'ADMIN Login'),
(1636, 0, NULL, '2024-08-26 20:10:21', 'Kepala Sekolah Login'),
(1637, 0, 8, '2024-08-26 20:10:21', 'Ketua Ruang Login'),
(1638, 0, NULL, '2024-08-26 20:10:22', 'Kepala Sekolah Login'),
(1639, 0, NULL, '2024-08-26 20:10:24', 'Kepala Sekolah Login'),
(1640, 0, NULL, '2024-08-26 20:10:25', 'Kepala Sekolah Login'),
(1641, 0, 8, '2024-08-26 20:10:27', 'Ketua Ruang Login'),
(1642, 0, NULL, '2024-08-26 20:10:29', 'Kepala Sekolah Login'),
(1643, 0, NULL, '2024-08-26 20:10:33', 'Kepala Sekolah Login'),
(1644, 0, 8, '2024-08-26 20:10:34', 'Ketua Ruang Login'),
(1645, 0, NULL, '2024-08-26 20:10:34', 'Kepala Sekolah Login'),
(1646, 0, NULL, '2024-08-26 20:10:38', 'Kepala Sekolah Login'),
(1647, 0, 8, '2024-08-26 20:10:39', 'Ketua Ruang Login'),
(1648, 0, NULL, '2024-08-26 20:10:40', 'Kepala Sekolah Login'),
(1649, 1, NULL, '2024-08-26 20:10:40', 'ADMIN Login'),
(1650, 0, 8, '2024-08-26 20:10:41', 'Ketua Ruang Login'),
(1651, 0, NULL, '2024-08-26 20:10:42', 'Kepala Sekolah Login'),
(1652, 0, 8, '2024-08-26 20:10:46', 'Ketua Ruang Login'),
(1653, 0, NULL, '2024-08-26 20:10:47', 'Kepala Sekolah Login'),
(1654, 1, NULL, '2024-08-26 20:10:49', 'ADMIN Login'),
(1655, 0, NULL, '2024-08-26 20:10:50', 'Kepala Sekolah Login'),
(1656, 0, NULL, '2024-08-26 20:10:52', 'Kepala Sekolah Login'),
(1657, 1, NULL, '2024-08-26 20:10:52', 'ADMIN Login'),
(1658, 0, NULL, '2024-08-26 20:10:53', 'Kepala Sekolah Login'),
(1659, 0, 8, '2024-08-26 20:10:56', 'Ketua Ruang Login'),
(1660, 0, NULL, '2024-08-26 20:10:57', 'Kepala Sekolah Login'),
(1661, 0, NULL, '2024-08-26 20:10:57', 'Kepala Sekolah Login'),
(1662, 1, NULL, '2024-08-26 20:11:02', 'ADMIN Login'),
(1663, 0, 8, '2024-08-26 20:11:02', 'Ketua Ruang Login'),
(1664, 0, NULL, '2024-08-26 20:11:04', 'Kepala Sekolah Login'),
(1665, 0, NULL, '2024-08-26 20:11:06', 'Kepala Sekolah Login'),
(1666, 0, NULL, '2024-08-26 20:11:08', 'Kepala Sekolah Login'),
(1667, 0, 8, '2024-08-26 20:11:08', 'Ketua Ruang Login'),
(1668, 0, NULL, '2024-08-26 20:11:08', 'Kepala Sekolah Login'),
(1669, 0, NULL, '2024-08-26 20:11:09', 'Kepala Sekolah Login'),
(1670, 1, NULL, '2024-08-26 20:11:14', 'ADMIN Login'),
(1671, 0, NULL, '2024-08-26 20:11:16', 'Kepala Sekolah Login'),
(1672, 0, NULL, '2024-08-26 20:11:20', 'Kepala Sekolah Login'),
(1673, 0, NULL, '2024-08-26 20:11:20', 'Kepala Sekolah Login'),
(1674, 0, NULL, '2024-08-26 20:11:22', 'Kepala Sekolah Login'),
(1675, 0, 8, '2024-08-26 20:11:22', 'Ketua Ruang Login'),
(1676, 0, NULL, '2024-08-26 20:11:25', 'Kepala Sekolah Login'),
(1677, 0, NULL, '2024-08-26 20:11:26', 'Kepala Sekolah Login'),
(1678, 0, 8, '2024-08-26 20:11:26', 'Ketua Ruang Login'),
(1679, 1, NULL, '2024-08-26 20:11:30', 'ADMIN Login'),
(1680, 0, 8, '2024-08-26 20:11:31', 'Ketua Ruang Login'),
(1681, 0, NULL, '2024-08-26 20:11:35', 'Kepala Sekolah Login'),
(1682, 0, NULL, '2024-08-26 20:11:35', 'Kepala Sekolah Login'),
(1683, 0, 8, '2024-08-26 20:11:36', 'Ketua Ruang Login'),
(1684, 0, NULL, '2024-08-26 20:11:37', 'Kepala Sekolah Login'),
(1685, 0, NULL, '2024-08-26 20:11:37', 'Kepala Sekolah Login'),
(1686, 1, NULL, '2024-08-26 20:11:38', 'ADMIN Login'),
(1687, 0, NULL, '2024-08-26 20:11:39', 'Kepala Sekolah Login'),
(1688, 0, 8, '2024-08-26 20:11:46', 'Ketua Ruang Login'),
(1689, 0, NULL, '2024-08-26 20:11:47', 'Kepala Sekolah Login'),
(1690, 0, NULL, '2024-08-26 20:11:48', 'Kepala Sekolah Login'),
(1691, 1, NULL, '2024-08-26 20:11:50', 'ADMIN Login'),
(1692, 0, NULL, '2024-08-26 20:11:50', 'Kepala Sekolah Login'),
(1693, 0, NULL, '2024-08-26 20:11:51', 'Kepala Sekolah Login'),
(1694, 0, NULL, '2024-08-26 20:11:53', 'Kepala Sekolah Login'),
(1695, 1, NULL, '2024-08-26 20:11:54', 'ADMIN Login'),
(1696, 0, 8, '2024-08-26 20:11:55', 'Ketua Ruang Login'),
(1697, 0, 8, '2024-08-26 20:11:56', 'Ketua Ruang Login'),
(1698, 0, 8, '2024-08-26 20:11:58', 'Ketua Ruang Login'),
(1699, 0, NULL, '2024-08-26 20:12:00', 'Kepala Sekolah Login'),
(1700, 0, NULL, '2024-08-26 20:12:01', 'Kepala Sekolah Login'),
(1701, 0, NULL, '2024-08-26 20:12:04', 'Kepala Sekolah Login'),
(1702, 0, NULL, '2024-08-26 20:12:05', 'Kepala Sekolah Login'),
(1703, 0, NULL, '2024-08-26 20:12:09', 'Kepala Sekolah Login');
INSERT INTO `log` (`id_log`, `id_admin`, `id_pj`, `waktu`, `keterangan`) VALUES
(1704, 0, NULL, '2024-08-26 20:12:10', 'Kepala Sekolah Login'),
(1705, 0, 8, '2024-08-26 20:12:11', 'Ketua Ruang Login'),
(1706, 1, NULL, '2024-08-26 20:12:12', 'ADMIN Login'),
(1707, 1, NULL, '2024-08-26 20:12:15', 'ADMIN Login'),
(1708, 0, NULL, '2024-08-26 20:12:16', 'Kepala Sekolah Login'),
(1709, 0, NULL, '2024-08-26 20:12:18', 'Kepala Sekolah Login'),
(1710, 0, 8, '2024-08-26 20:12:19', 'Ketua Ruang Login'),
(1711, 0, 8, '2024-08-26 20:12:21', 'Ketua Ruang Login'),
(1712, 0, NULL, '2024-08-26 20:12:21', 'Kepala Sekolah Login'),
(1713, 0, NULL, '2024-08-26 20:12:22', 'Kepala Sekolah Login'),
(1714, 0, NULL, '2024-08-26 20:12:23', 'Kepala Sekolah Login'),
(1715, 0, 8, '2024-08-26 20:12:25', 'Ketua Ruang Login'),
(1716, 0, NULL, '2024-08-26 20:12:28', 'Kepala Sekolah Login'),
(1717, 0, NULL, '2024-08-26 20:12:31', 'Kepala Sekolah Login'),
(1718, 0, NULL, '2024-08-26 20:12:32', 'Kepala Sekolah Login'),
(1719, 0, NULL, '2024-08-26 20:12:33', 'Kepala Sekolah Login'),
(1720, 0, NULL, '2024-08-26 20:12:33', 'Kepala Sekolah Login'),
(1721, 1, NULL, '2024-08-26 20:12:36', 'ADMIN Login'),
(1722, 0, 8, '2024-08-26 20:12:39', 'Ketua Ruang Login'),
(1723, 0, NULL, '2024-08-26 20:12:41', 'Kepala Sekolah Login'),
(1724, 0, 8, '2024-08-26 20:12:42', 'Ketua Ruang Login'),
(1725, 0, NULL, '2024-08-26 20:12:44', 'Kepala Sekolah Login'),
(1726, 1, NULL, '2024-08-26 20:12:44', 'ADMIN Login'),
(1727, 0, NULL, '2024-08-26 20:12:45', 'Kepala Sekolah Login'),
(1728, 0, NULL, '2024-08-26 20:12:47', 'Kepala Sekolah Login'),
(1729, 0, NULL, '2024-08-26 20:12:49', 'Kepala Sekolah Login'),
(1730, 1, NULL, '2024-08-26 20:12:52', 'ADMIN Login'),
(1731, 0, 8, '2024-08-26 20:12:54', 'Ketua Ruang Login'),
(1732, 0, NULL, '2024-08-26 20:12:56', 'Kepala Sekolah Login'),
(1733, 0, NULL, '2024-08-26 20:12:58', 'Kepala Sekolah Login'),
(1734, 0, 8, '2024-08-26 20:12:59', 'Ketua Ruang Login'),
(1735, 0, NULL, '2024-08-26 20:13:00', 'Kepala Sekolah Login'),
(1736, 1, NULL, '2024-08-26 20:13:00', 'ADMIN Login'),
(1737, 0, NULL, '2024-08-26 20:13:01', 'Kepala Sekolah Login'),
(1738, 0, NULL, '2024-08-26 20:13:01', 'Kepala Sekolah Login'),
(1739, 1, NULL, '2024-08-26 20:13:03', 'ADMIN Login'),
(1740, 0, 8, '2024-08-26 20:13:04', 'Ketua Ruang Login'),
(1741, 0, NULL, '2024-08-26 20:13:13', 'Kepala Sekolah Login'),
(1742, 0, NULL, '2024-08-26 20:13:14', 'Kepala Sekolah Login'),
(1743, 0, 8, '2024-08-26 20:13:14', 'Ketua Ruang Login'),
(1744, 0, 8, '2024-08-26 20:13:16', 'Ketua Ruang Login'),
(1745, 0, NULL, '2024-08-26 20:13:16', 'Kepala Sekolah Login'),
(1746, 0, NULL, '2024-08-26 20:13:17', 'Kepala Sekolah Login'),
(1747, 0, NULL, '2024-08-26 20:13:17', 'Kepala Sekolah Login'),
(1748, 1, NULL, '2024-08-26 20:13:21', 'ADMIN Login'),
(1749, 0, NULL, '2024-08-26 20:13:22', 'Kepala Sekolah Login'),
(1750, 0, 8, '2024-08-26 20:13:24', 'Ketua Ruang Login'),
(1751, 0, NULL, '2024-08-26 20:13:27', 'Kepala Sekolah Login'),
(1752, 0, NULL, '2024-08-26 20:13:28', 'Kepala Sekolah Login'),
(1753, 0, 8, '2024-08-26 20:13:31', 'Ketua Ruang Login'),
(1754, 0, NULL, '2024-08-26 20:13:31', 'Kepala Sekolah Login'),
(1755, 1, NULL, '2024-08-26 20:13:32', 'ADMIN Login'),
(1756, 0, NULL, '2024-08-26 20:13:33', 'Kepala Sekolah Login'),
(1757, 1, NULL, '2024-08-26 20:13:33', 'ADMIN Login'),
(1758, 0, NULL, '2024-08-26 20:13:33', 'Kepala Sekolah Login'),
(1759, 0, 8, '2024-08-26 20:13:34', 'Ketua Ruang Login'),
(1760, 1, NULL, '2024-08-26 20:13:39', 'ADMIN Login'),
(1761, 0, NULL, '2024-08-26 20:13:41', 'Kepala Sekolah Login'),
(1762, 0, NULL, '2024-08-26 20:13:41', 'Kepala Sekolah Login'),
(1763, 0, NULL, '2024-08-26 20:13:42', 'Kepala Sekolah Login'),
(1764, 1, NULL, '2024-08-26 20:13:45', 'ADMIN Login'),
(1765, 0, NULL, '2024-08-26 20:13:45', 'Kepala Sekolah Login'),
(1766, 0, NULL, '2024-08-26 20:13:49', 'Kepala Sekolah Login'),
(1767, 0, 8, '2024-08-26 20:13:53', 'Ketua Ruang Login'),
(1768, 0, NULL, '2024-08-26 20:13:54', 'Kepala Sekolah Login'),
(1769, 0, 8, '2024-08-26 20:13:55', 'Ketua Ruang Login'),
(1770, 0, 8, '2024-08-26 20:13:55', 'Ketua Ruang Login'),
(1771, 0, NULL, '2024-08-26 20:13:58', 'Kepala Sekolah Login'),
(1772, 0, NULL, '2024-08-26 20:13:59', 'Kepala Sekolah Login'),
(1773, 0, 8, '2024-08-26 20:14:00', 'Ketua Ruang Login'),
(1774, 0, 8, '2024-08-26 20:14:01', 'Ketua Ruang Login'),
(1775, 0, NULL, '2024-08-26 20:14:02', 'Kepala Sekolah Login'),
(1776, 0, NULL, '2024-08-26 20:14:03', 'Kepala Sekolah Login'),
(1777, 0, NULL, '2024-08-26 20:14:04', 'Kepala Sekolah Login'),
(1778, 1, NULL, '2024-08-26 20:14:09', 'ADMIN Login'),
(1779, 0, NULL, '2024-08-26 20:14:12', 'Kepala Sekolah Login'),
(1780, 0, NULL, '2024-08-26 20:14:12', 'Kepala Sekolah Login'),
(1781, 0, NULL, '2024-08-26 20:14:13', 'Kepala Sekolah Login'),
(1782, 1, NULL, '2024-08-26 20:14:14', 'ADMIN Login'),
(1783, 0, NULL, '2024-08-26 20:14:15', 'Kepala Sekolah Login'),
(1784, 0, NULL, '2024-08-26 20:14:19', 'Kepala Sekolah Login'),
(1785, 0, 8, '2024-08-26 20:14:19', 'Ketua Ruang Login'),
(1786, 0, NULL, '2024-08-26 20:14:23', 'Kepala Sekolah Login'),
(1787, 0, NULL, '2024-08-26 20:14:26', 'Kepala Sekolah Login'),
(1788, 0, NULL, '2024-08-26 20:14:26', 'Kepala Sekolah Login'),
(1789, 1, NULL, '2024-08-26 20:14:28', 'ADMIN Login'),
(1790, 1, NULL, '2024-08-26 20:14:29', 'ADMIN Login'),
(1791, 0, 8, '2024-08-26 20:14:30', 'Ketua Ruang Login'),
(1792, 0, 8, '2024-08-26 20:14:32', 'Ketua Ruang Login'),
(1793, 1, NULL, '2024-08-26 20:14:32', 'ADMIN Login'),
(1794, 0, NULL, '2024-08-26 20:14:33', 'Kepala Sekolah Login'),
(1795, 0, NULL, '2024-08-26 20:14:36', 'Kepala Sekolah Login'),
(1796, 0, NULL, '2024-08-26 20:14:37', 'Kepala Sekolah Login'),
(1797, 0, 8, '2024-08-26 20:14:38', 'Ketua Ruang Login'),
(1798, 0, 8, '2024-08-26 20:14:38', 'Ketua Ruang Login'),
(1799, 0, NULL, '2024-08-26 20:14:40', 'Kepala Sekolah Login'),
(1800, 0, NULL, '2024-08-26 20:14:42', 'Kepala Sekolah Login'),
(1801, 0, NULL, '2024-08-26 20:14:44', 'Kepala Sekolah Login'),
(1802, 0, NULL, '2024-08-26 20:14:49', 'Kepala Sekolah Login'),
(1803, 1, NULL, '2024-08-26 20:14:49', 'ADMIN Login'),
(1804, 0, NULL, '2024-08-26 20:14:51', 'Kepala Sekolah Login'),
(1805, 0, NULL, '2024-08-26 20:14:52', 'Kepala Sekolah Login'),
(1806, 0, NULL, '2024-08-26 20:14:53', 'Kepala Sekolah Login'),
(1807, 0, NULL, '2024-08-26 20:14:57', 'Kepala Sekolah Login'),
(1808, 0, 8, '2024-08-26 20:14:59', 'Ketua Ruang Login'),
(1809, 1, NULL, '2024-08-26 20:14:59', 'ADMIN Login'),
(1810, 0, NULL, '2024-08-26 20:15:05', 'Kepala Sekolah Login'),
(1811, 0, 8, '2024-08-26 20:15:05', 'Ketua Ruang Login'),
(1812, 1, NULL, '2024-08-26 20:15:06', 'ADMIN Login'),
(1813, 0, NULL, '2024-08-26 20:15:06', 'Kepala Sekolah Login'),
(1814, 0, NULL, '2024-08-26 20:15:08', 'Kepala Sekolah Login'),
(1815, 0, NULL, '2024-08-26 20:15:08', 'Kepala Sekolah Login'),
(1816, 0, NULL, '2024-08-26 20:15:08', 'Kepala Sekolah Login'),
(1817, 1, NULL, '2024-08-26 20:15:10', 'ADMIN Login'),
(1818, 0, 8, '2024-08-26 20:15:12', 'Ketua Ruang Login'),
(1819, 0, 8, '2024-08-26 20:15:13', 'Ketua Ruang Login'),
(1820, 0, NULL, '2024-08-26 20:15:17', 'Kepala Sekolah Login'),
(1821, 1, NULL, '2024-08-26 20:15:18', 'ADMIN Login'),
(1822, 0, 8, '2024-08-26 20:15:18', 'Ketua Ruang Login'),
(1823, 0, NULL, '2024-08-26 20:15:19', 'Kepala Sekolah Login'),
(1824, 0, 8, '2024-08-26 20:15:21', 'Ketua Ruang Login'),
(1825, 0, NULL, '2024-08-26 20:15:22', 'Kepala Sekolah Login'),
(1826, 0, NULL, '2024-08-26 20:15:25', 'Kepala Sekolah Login'),
(1827, 0, NULL, '2024-08-26 20:15:26', 'Kepala Sekolah Login'),
(1828, 0, NULL, '2024-08-26 20:15:29', 'Kepala Sekolah Login'),
(1829, 0, NULL, '2024-08-26 20:15:29', 'Kepala Sekolah Login'),
(1830, 0, NULL, '2024-08-26 20:15:32', 'Kepala Sekolah Login'),
(1831, 0, NULL, '2024-08-26 20:15:37', 'Kepala Sekolah Login'),
(1832, 0, NULL, '2024-08-26 20:15:39', 'Kepala Sekolah Login'),
(1833, 0, NULL, '2024-08-26 20:15:40', 'Kepala Sekolah Login'),
(1834, 0, NULL, '2024-08-26 20:15:41', 'Kepala Sekolah Login'),
(1835, 0, 8, '2024-08-26 20:15:41', 'Ketua Ruang Login'),
(1836, 0, NULL, '2024-08-26 20:15:41', 'Kepala Sekolah Login'),
(1837, 1, NULL, '2024-08-26 20:15:43', 'ADMIN Login'),
(1838, 0, 8, '2024-08-26 20:15:45', 'Ketua Ruang Login'),
(1839, 1, NULL, '2024-08-26 20:15:46', 'ADMIN Login'),
(1840, 0, NULL, '2024-08-26 20:15:48', 'Kepala Sekolah Login'),
(1841, 0, 8, '2024-08-26 20:15:49', 'Ketua Ruang Login'),
(1842, 0, 8, '2024-08-26 20:15:50', 'Ketua Ruang Login'),
(1843, 0, NULL, '2024-08-26 20:15:50', 'Kepala Sekolah Login'),
(1844, 0, 8, '2024-08-26 20:15:53', 'Ketua Ruang Login'),
(1845, 0, NULL, '2024-08-26 20:15:54', 'Kepala Sekolah Login'),
(1846, 0, NULL, '2024-08-26 20:15:55', 'Kepala Sekolah Login'),
(1847, 0, NULL, '2024-08-26 20:15:57', 'Kepala Sekolah Login'),
(1848, 0, NULL, '2024-08-26 20:15:59', 'Kepala Sekolah Login'),
(1849, 0, NULL, '2024-08-26 20:16:02', 'Kepala Sekolah Login'),
(1850, 0, NULL, '2024-08-26 20:16:04', 'Kepala Sekolah Login'),
(1851, 1, NULL, '2024-08-26 20:16:05', 'ADMIN Login'),
(1852, 0, NULL, '2024-08-26 20:16:07', 'Kepala Sekolah Login'),
(1853, 0, NULL, '2024-08-26 20:16:09', 'Kepala Sekolah Login'),
(1854, 1, NULL, '2024-08-26 20:16:11', 'ADMIN Login'),
(1855, 0, 8, '2024-08-26 20:16:11', 'Ketua Ruang Login'),
(1856, 1, NULL, '2024-08-26 20:16:11', 'ADMIN Login'),
(1857, 0, NULL, '2024-08-26 20:16:12', 'Kepala Sekolah Login'),
(1858, 0, NULL, '2024-08-26 20:16:14', 'Kepala Sekolah Login'),
(1859, 0, NULL, '2024-08-26 20:16:14', 'Kepala Sekolah Login'),
(1860, 0, 8, '2024-08-26 20:16:15', 'Ketua Ruang Login'),
(1861, 0, 8, '2024-08-26 20:16:19', 'Ketua Ruang Login'),
(1862, 0, 8, '2024-08-26 20:16:21', 'Ketua Ruang Login'),
(1863, 0, NULL, '2024-08-26 20:16:22', 'Kepala Sekolah Login'),
(1864, 0, NULL, '2024-08-26 20:16:23', 'Kepala Sekolah Login'),
(1865, 1, NULL, '2024-08-26 20:16:23', 'ADMIN Login'),
(1866, 0, NULL, '2024-08-26 20:16:24', 'Kepala Sekolah Login'),
(1867, 0, NULL, '2024-08-26 20:16:24', 'Kepala Sekolah Login'),
(1868, 0, 8, '2024-08-26 20:16:27', 'Ketua Ruang Login'),
(1869, 0, NULL, '2024-08-26 20:16:32', 'Kepala Sekolah Login'),
(1870, 0, NULL, '2024-08-26 20:16:37', 'Kepala Sekolah Login'),
(1871, 0, NULL, '2024-08-26 20:16:37', 'Kepala Sekolah Login'),
(1872, 1, NULL, '2024-08-26 20:16:39', 'ADMIN Login'),
(1873, 0, NULL, '2024-08-26 20:16:40', 'Kepala Sekolah Login'),
(1874, 0, 8, '2024-08-26 20:16:40', 'Ketua Ruang Login'),
(1875, 0, NULL, '2024-08-26 20:16:41', 'Kepala Sekolah Login'),
(1876, 0, 8, '2024-08-26 20:16:43', 'Ketua Ruang Login'),
(1877, 1, NULL, '2024-08-26 20:16:48', 'ADMIN Login'),
(1878, 0, NULL, '2024-08-26 20:16:48', 'Kepala Sekolah Login'),
(1879, 0, 8, '2024-08-26 20:16:49', 'Ketua Ruang Login'),
(1880, 0, NULL, '2024-08-26 20:16:49', 'Kepala Sekolah Login'),
(1881, 0, 8, '2024-08-26 20:16:51', 'Ketua Ruang Login'),
(1882, 0, NULL, '2024-08-26 20:16:54', 'Kepala Sekolah Login'),
(1883, 0, NULL, '2024-08-26 20:16:55', 'Kepala Sekolah Login'),
(1884, 0, NULL, '2024-08-26 20:16:56', 'Kepala Sekolah Login'),
(1885, 0, NULL, '2024-08-26 20:16:59', 'Kepala Sekolah Login'),
(1886, 0, 8, '2024-08-26 20:17:01', 'Ketua Ruang Login'),
(1887, 1, NULL, '2024-08-26 20:17:03', 'ADMIN Login'),
(1888, 0, NULL, '2024-08-26 20:17:04', 'Kepala Sekolah Login'),
(1889, 0, NULL, '2024-08-26 20:17:07', 'Kepala Sekolah Login'),
(1890, 0, NULL, '2024-08-26 20:17:09', 'Kepala Sekolah Login'),
(1891, 1, NULL, '2024-08-26 20:17:11', 'ADMIN Login'),
(1892, 0, NULL, '2024-08-26 20:17:11', 'Kepala Sekolah Login'),
(1893, 0, NULL, '2024-08-26 20:17:13', 'Kepala Sekolah Login'),
(1894, 0, NULL, '2024-08-26 20:17:15', 'Kepala Sekolah Login'),
(1895, 0, 8, '2024-08-26 20:17:15', 'Ketua Ruang Login'),
(1896, 0, 8, '2024-08-26 20:17:19', 'Ketua Ruang Login'),
(1897, 0, 8, '2024-08-26 20:17:20', 'Ketua Ruang Login'),
(1898, 0, NULL, '2024-08-26 20:17:20', 'Kepala Sekolah Login'),
(1899, 1, NULL, '2024-08-26 20:17:21', 'ADMIN Login'),
(1900, 0, NULL, '2024-08-26 20:17:23', 'Kepala Sekolah Login'),
(1901, 1, NULL, '2024-08-26 20:17:24', 'ADMIN Login'),
(1902, 0, NULL, '2024-08-26 20:17:26', 'Kepala Sekolah Login'),
(1903, 0, 8, '2024-08-26 20:17:26', 'Ketua Ruang Login'),
(1904, 0, NULL, '2024-08-26 20:17:28', 'Kepala Sekolah Login'),
(1905, 0, NULL, '2024-08-26 20:17:29', 'Kepala Sekolah Login'),
(1906, 0, 8, '2024-08-26 20:17:30', 'Ketua Ruang Login'),
(1907, 0, NULL, '2024-08-26 20:17:31', 'Kepala Sekolah Login'),
(1908, 1, NULL, '2024-08-26 20:17:37', 'ADMIN Login'),
(1909, 0, NULL, '2024-08-26 20:17:39', 'Kepala Sekolah Login'),
(1910, 0, NULL, '2024-08-26 20:17:42', 'Kepala Sekolah Login'),
(1911, 0, NULL, '2024-08-26 20:17:42', 'Kepala Sekolah Login'),
(1912, 0, NULL, '2024-08-26 20:17:43', 'Kepala Sekolah Login'),
(1913, 0, NULL, '2024-08-26 20:17:45', 'Kepala Sekolah Login'),
(1914, 0, 8, '2024-08-26 20:17:46', 'Ketua Ruang Login'),
(1915, 0, 8, '2024-08-26 20:17:49', 'Ketua Ruang Login'),
(1916, 0, NULL, '2024-08-26 20:17:51', 'Kepala Sekolah Login'),
(1917, 1, NULL, '2024-08-26 20:17:53', 'ADMIN Login'),
(1918, 0, 8, '2024-08-26 20:17:53', 'Ketua Ruang Login'),
(1919, 0, NULL, '2024-08-26 20:17:54', 'Kepala Sekolah Login'),
(1920, 0, NULL, '2024-08-26 20:17:55', 'Kepala Sekolah Login'),
(1921, 1, NULL, '2024-08-26 20:17:56', 'ADMIN Login'),
(1922, 0, NULL, '2024-08-26 20:17:57', 'Kepala Sekolah Login'),
(1923, 0, NULL, '2024-08-26 20:17:57', 'Kepala Sekolah Login'),
(1924, 0, 8, '2024-08-26 20:18:02', 'Ketua Ruang Login'),
(1925, 0, NULL, '2024-08-26 20:18:02', 'Kepala Sekolah Login'),
(1926, 0, NULL, '2024-08-26 20:18:02', 'Kepala Sekolah Login'),
(1927, 0, 8, '2024-09-08 14:09:28', 'Ketua Ruang Login'),
(1928, 0, 8, '2024-09-08 14:10:07', '32 Dikemebalikan'),
(1929, 0, 8, '2024-09-08 14:10:10', '18 Dikemebalikan'),
(1930, 0, 8, '2024-09-08 14:10:12', '23 Dikemebalikan'),
(1931, 0, 8, '2024-09-08 14:10:13', '28 Dikemebalikan'),
(1932, 0, 8, '2024-09-08 14:10:19', '31 Dikemebalikan'),
(1933, 0, 8, '2024-09-08 14:10:21', '30 Dikemebalikan'),
(1934, 0, 8, '2024-09-08 14:10:24', '29 Dikemebalikan'),
(1935, 0, 8, '2024-09-08 14:11:40', 'Menambahkan Peminjaman 19'),
(1936, 0, 8, '2024-09-08 14:23:08', 'Ketua Ruang Login'),
(1937, 0, NULL, '2024-09-08 14:23:38', 'Menghapus '),
(1938, 0, NULL, '2024-09-08 14:23:42', 'Menghapus Pj Baru'),
(1939, 0, NULL, '2024-09-08 14:23:46', 'Menghapus PJ1'),
(1940, 0, NULL, '2024-09-08 14:23:49', 'Menghapus PJ bengkel TKR'),
(1941, 0, NULL, '2024-09-08 14:23:52', 'Menghapus NASIKIN'),
(1942, 0, NULL, '2024-09-08 14:23:56', 'Menghapus '),
(1943, 0, 8, '2024-09-08 14:24:08', '38 Dikemebalikan'),
(1944, 0, 8, '2024-09-08 14:24:26', 'Menambahkan Peminjaman 7'),
(1945, 0, 8, '2024-09-08 14:25:02', 'Ketua Ruang Login'),
(1946, 0, 8, '2024-09-08 14:25:19', 'Ketua Ruang Logout'),
(1947, 0, 13, '2024-09-08 14:25:43', 'Ketua Ruang Login'),
(1948, 0, 13, '2024-09-08 14:26:09', 'Menghapus Data'),
(1949, 0, 13, '2024-09-08 14:26:13', 'Menghapus Data'),
(1950, 0, 13, '2024-09-08 14:26:14', 'Menghapus Data'),
(1951, 0, 13, '2024-09-08 14:26:16', 'Menghapus Data'),
(1952, 0, 13, '2024-09-08 14:26:18', 'Menghapus Data'),
(1953, 0, 13, '2024-09-08 14:26:20', 'Menghapus Data'),
(1954, 0, 13, '2024-09-08 14:28:28', 'Menambahkan Barang Bensin'),
(1955, 0, 13, '2024-09-08 14:33:11', 'Ketua Ruang Login'),
(1956, 0, 13, '2024-09-08 14:39:48', 'Menambahkan Barang Kunci kontak'),
(1957, 1, NULL, '2024-09-08 14:46:27', 'ADMIN Login'),
(1958, 1, NULL, '2024-09-10 04:56:43', 'Menambahkan Akun Users Dra. TRI PUSPITORINI DYAH SETYOWATI'),
(1959, 1, NULL, '2024-09-10 04:57:31', 'Menambahkan Akun Users EDI SUHARSO,S.Si M.Si'),
(1960, 1, NULL, '2024-09-10 04:58:23', 'Menambahkan Akun Users BAMBANG PRIYO WAHYU UTOMO, S.Pd'),
(1961, 1, NULL, '2024-09-10 05:12:37', 'Menambahkan Akun Users KENANG SETIAWAN, S.Pd.T'),
(1962, 0, 14, '2024-09-10 05:13:22', 'Ketua Ruang Login'),
(1963, 0, 14, '2024-09-10 05:14:36', 'Mengedit Barang 75'),
(1964, 0, 14, '2024-09-10 05:14:56', 'Mengedit Barang 67'),
(1965, 0, 14, '2024-09-10 05:15:23', 'Menambahkan Barang Camera DSLR'),
(1966, 0, 14, '2024-09-10 05:15:51', 'Mengedit Barang 71'),
(1967, 0, 14, '2024-09-10 05:16:22', 'Menambahkan Barang Printer'),
(1968, 0, 14, '2024-09-10 05:16:53', 'Menambahkan Barang Press Mug'),
(1969, 0, 14, '2024-09-10 05:17:12', 'Menambahkan Barang Press Pin'),
(1970, 0, 14, '2024-09-10 05:17:44', 'Menambahkan Barang Press Sablon DTF'),
(1971, 0, 14, '2024-09-10 05:18:01', 'Menambahkan Barang Plotter'),
(1972, 0, 14, '2024-09-10 05:18:28', 'Menambahkan Barang Mesin Potong Zigzag'),
(1973, 0, 14, '2024-09-10 05:18:47', 'Menambahkan Barang Meja Sablon'),
(1974, 0, 14, '2024-09-10 05:19:04', 'Menambahkan Barang Lighting'),
(1975, 0, 14, '2024-09-10 05:19:33', 'Menambahkan Barang Tripod'),
(1976, 0, 14, '2024-09-10 05:19:55', 'Menambahkan Barang Background Foto'),
(1977, 0, 14, '2024-09-10 05:20:17', 'Menambahkan Barang Laptop'),
(1978, 0, 14, '2024-09-10 05:20:58', 'Menambahkan Barang HVS F4'),
(1979, 0, 14, '2024-09-10 05:21:24', 'Menambahkan Barang HVS A4'),
(1980, 0, 14, '2024-09-10 05:22:03', 'Menambahkan Barang Glossy Photo Paper'),
(1981, 0, 14, '2024-09-10 05:22:32', 'Menambahkan Barang Kertas Sublim'),
(1982, 0, 14, '2024-09-10 05:22:59', 'Menambahkan Barang Tinta Printer Set'),
(1983, 0, 14, '2024-09-10 05:23:20', 'Menambahkan Barang PVC Card'),
(1984, 0, 14, '2024-09-10 05:23:49', 'Menambahkan Barang Acrilic'),
(1985, 0, 14, '2024-09-10 05:24:13', 'Menambahkan Barang T-Shirt'),
(1986, 0, 14, '2024-09-10 05:25:17', 'Menambahkan Barang Pin '),
(1987, 0, 14, '2024-09-10 05:27:16', 'Mengedit data peminjaman 22'),
(1988, 0, 1, '2024-09-10 05:32:04', 'Ketua Ruang Login'),
(1989, 0, 1, '2024-09-10 05:43:15', 'Ketua Ruang Logout'),
(1990, 0, 5, '2024-09-10 05:43:54', 'Ketua Ruang Login'),
(1991, 1, NULL, '2024-09-10 05:44:16', 'ADMIN Login'),
(1992, 0, 5, '2024-09-10 05:45:51', 'Menambahkan Barang Bateray'),
(1993, 0, 5, '2024-09-10 05:46:10', 'Menambahkan Barang Saklar Dim'),
(1994, 0, 5, '2024-09-10 05:46:41', 'Menambahkan Barang Refrigeran'),
(1995, 0, 5, '2024-09-10 05:47:08', 'Menambahkan Barang Manipold AC tunggal'),
(1996, 0, 5, '2024-09-10 05:47:37', 'Menambahkan Barang Fuller gauge'),
(1997, 0, 5, '2024-09-10 05:48:05', 'Menambahkan Barang Roda trainer 4\"'),
(1998, 0, 5, '2024-09-10 05:48:28', 'Menambahkan Barang Dinamo Starter'),
(1999, 0, 5, '2024-09-10 05:48:54', 'Menambahkan Barang Micrometer'),
(2000, 0, 5, '2024-09-10 05:49:26', 'Menambahkan Barang Vernier caliper'),
(2001, 0, 5, '2024-09-10 05:49:48', 'Menambahkan Barang Coil'),
(2002, 0, 5, '2024-09-10 05:50:49', 'Menambahkan Barang Silinder Bore gauge'),
(2003, 0, 5, '2024-09-10 05:52:21', 'Menambahkan Barang Kunci Sock'),
(2004, 0, 5, '2024-09-10 05:52:44', 'Menambahkan Barang Lem Sealer'),
(2005, 0, 5, '2024-09-10 05:53:04', 'Menambahkan Barang Kabel jumper accu'),
(2006, 0, 5, '2024-09-10 05:53:26', 'Menambahkan Barang Dial indikator'),
(2007, 0, 5, '2024-09-10 05:56:30', 'Menambahkan Barang Distributor'),
(2008, 0, 5, '2024-09-10 05:56:55', 'Menambahkan Barang Dinamo Alternator'),
(2009, 0, 5, '2024-09-10 05:59:01', 'Menambahkan Barang Oli Engine'),
(2010, 0, 5, '2024-09-10 05:59:37', 'Menambahkan Barang Radiator Coolant'),
(2011, 0, 5, '2024-09-10 06:00:08', 'Ketua Ruang Logout'),
(2012, 0, 3, '2024-09-10 06:00:46', 'Ketua Ruang Login'),
(2013, 0, 3, '2024-09-10 06:01:53', 'Menghapus Data'),
(2014, 0, 3, '2024-09-10 06:01:57', 'Menghapus Data'),
(2015, 0, 3, '2024-09-10 06:02:00', 'Menghapus Data'),
(2016, 0, 3, '2024-09-10 06:02:33', 'Menambahkan Barang Komputer set'),
(2017, 0, 3, '2024-09-10 06:03:00', 'Menambahkan Barang Speaker'),
(2018, 0, 3, '2024-09-10 06:03:20', 'Menambahkan Barang AC'),
(2019, 0, 3, '2024-09-10 06:03:38', 'Menambahkan Barang Kipas Angin'),
(2020, 0, 3, '2024-09-10 06:03:54', 'Menambahkan Barang Jam Dinding'),
(2021, 0, 3, '2024-09-10 06:04:30', 'Menambahkan Barang Papan tulis whiteboard'),
(2022, 0, 3, '2024-09-10 06:04:56', 'Menambahkan Barang Spidol Board Marker'),
(2023, 0, 3, '2024-09-10 06:05:16', 'Menambahkan Barang Proyektor'),
(2024, 0, 3, '2024-09-10 06:05:46', 'Menambahkan Barang Kalkulator'),
(2025, 0, 3, '2024-09-10 06:06:08', 'Menambahkan Barang Saklar '),
(2026, 0, 3, '2024-09-10 06:06:34', 'Menambahkan Barang Stopkontak'),
(2027, 0, 3, '2024-09-10 06:06:59', 'Menambahkan Barang Lakban bening'),
(2028, 0, 3, '2024-09-10 06:07:35', 'Menambahkan Barang HVS A4'),
(2029, 0, 3, '2024-09-10 06:07:59', 'Menambahkan Barang HVS F4'),
(2030, 0, 3, '2024-09-10 06:08:40', 'Menambahkan Barang Printer'),
(2031, 0, 3, '2024-09-10 06:09:16', 'Menambahkan Barang Tinta Printer set'),
(2032, 0, 3, '2024-09-10 06:09:55', 'Menambahkan Barang Odner tekan'),
(2033, 0, 3, '2024-09-10 06:10:51', 'Menambahkan Barang Kertas Stiker'),
(2034, 0, 3, '2024-09-10 06:11:35', 'Menambahkan Barang Kertas Bufallo'),
(2035, 0, 3, '2024-09-10 06:11:53', 'Menambahkan Barang Buku Folio'),
(2036, 0, 3, '2024-09-10 06:12:38', 'Menambahkan Barang Map L'),
(2037, 1, NULL, '2024-09-10 06:13:25', 'ADMIN Login'),
(2038, 0, 3, '2024-09-10 06:14:19', 'Ketua Ruang Logout'),
(2039, 1, NULL, '2024-09-10 06:14:57', 'ADMIN Login'),
(2040, 0, 7, '2024-09-10 06:15:12', 'Ketua Ruang Login'),
(2041, 0, 7, '2024-09-10 06:20:05', 'Menambahkan Barang Mesin Las SMAW 400A'),
(2042, 0, 7, '2024-09-10 06:20:29', 'Menambahkan Barang Mesin Las GMAW 400A'),
(2043, 0, 7, '2024-09-10 06:20:55', 'Menambahkan Barang Mesin Las GMAW 250A'),
(2044, 0, 7, '2024-09-10 06:21:20', 'Menambahkan Barang Mesin Las GTAW 200A'),
(2045, 0, 7, '2024-09-10 06:21:42', 'Menambahkan Barang Bur Duduk'),
(2046, 0, 7, '2024-09-10 06:22:17', 'Menambahkan Barang Gerinda tangan'),
(2047, 0, 7, '2024-09-10 06:22:35', 'Menambahkan Barang Gerinda Modern'),
(2048, 0, 7, '2024-09-10 06:22:55', 'Menambahkan Barang Gerinda Potong Duduk'),
(2049, 0, 7, '2024-09-10 06:23:13', 'Menambahkan Barang Gerinda Asah Duduk'),
(2050, 0, 7, '2024-09-10 06:23:33', 'Menambahkan Barang Bur Cas'),
(2051, 0, 7, '2024-09-10 06:23:49', 'Menambahkan Barang Bur Tangan'),
(2052, 0, 7, '2024-09-10 06:24:05', 'Menambahkan Barang Cutting Plasma'),
(2053, 0, 7, '2024-09-10 06:24:26', 'Menambahkan Barang Kompresor Listrik'),
(2054, 0, 7, '2024-09-10 06:25:01', 'Menambahkan Barang Ragum'),
(2055, 0, 7, '2024-09-10 06:25:20', 'Menambahkan Barang Rol pipa'),
(2056, 0, 7, '2024-09-10 06:27:15', 'Menambahkan Barang driyer'),
(2057, 0, 7, '2024-09-10 06:27:45', 'Menambahkan Barang Cutting Gas'),
(2058, 0, 7, '2024-09-10 06:28:44', 'Menambahkan Barang Elektroda 3.2'),
(2059, 0, 7, '2024-09-10 06:30:46', 'Menambahkan Barang elektroda 2.0'),
(2060, 0, 7, '2024-09-10 06:31:20', 'Menambahkan Barang Plat Hitam '),
(2061, 0, 7, '2024-09-10 06:32:03', 'Menambahkan Barang Welding Guge Hi-Low'),
(2062, 1, NULL, '2024-09-10 06:33:22', 'Mengedit Informasi KENANG SETIAWAN, S.Pd.T'),
(2063, 1, NULL, '2024-09-10 06:33:59', 'Mengedit Informasi BAMBANG PRIYO WAHYU UTOMO, S.Pd'),
(2064, 1, NULL, '2024-09-10 06:35:16', 'Mengedit Informasi EDY SUROTO, S.Pd.,M.M.'),
(2065, 1, NULL, '2024-09-10 06:35:41', 'Mengedit Informasi Dra. TRI PUSPITORINI DYAH SETYOWATI'),
(2066, 1, NULL, '2024-09-10 06:36:27', 'Mengedit Informasi EDI SUHARSO,S.Si M.Si'),
(2067, 1, NULL, '2024-09-10 06:37:44', 'Menambahkan Akun Users ELSA AINUN AMALIYA, SE'),
(2068, 1, NULL, '2024-09-10 06:38:40', 'Menambahkan Akun Users DIDIK PUJI UTAMI, S.Pd'),
(2069, 1, NULL, '2024-09-10 06:39:40', 'Menambahkan Akun Users NUNUK SISWIYANTI, S.Pd'),
(2070, 1, NULL, '2024-09-10 06:41:20', 'Menambahkan Akun Users SUHENDRO, S.Mn'),
(2071, 1, NULL, '2024-09-10 06:42:16', 'Menambahkan Akun Users SYAIFUL RIDLO, S.Kom., Gr'),
(2072, 1, NULL, '2024-09-10 06:43:42', 'Menambahkan Akun Users RIDWAN ARIS PRASETYA, S.Pd'),
(2073, 1, NULL, '2024-09-10 06:52:21', 'Menambahkan Akun Users SIGIT SUBIANTORO, S.Pd'),
(2074, 1, NULL, '2024-09-10 06:55:02', 'Menambahkan Akun Users ABIMANYU FARID WAHYUDI'),
(2075, 1, NULL, '2024-09-10 06:55:51', 'Menambahkan Akun Users ABIMANYU MAHARDIANSYAH PRIHANDOKO'),
(2076, 1, NULL, '2024-09-10 06:56:29', 'Menambahkan Akun Users ACHMAD FAUZI'),
(2077, 1, NULL, '2024-09-10 06:57:12', 'Menambahkan Akun Users ADI NUGROHO'),
(2078, 1, NULL, '2024-09-10 06:57:53', 'Menambahkan Akun Users ABI SETIYA KUSUMA'),
(2079, 1, NULL, '2024-09-10 06:58:43', 'Menambahkan Akun Users AGUS INDRA PRATAMA'),
(2080, 1, NULL, '2024-09-10 06:59:31', 'Menambahkan Akun Users AHMAD ADITYA IRAWAN'),
(2081, 1, NULL, '2024-09-10 07:00:34', 'Menambahkan Akun Users ZECO ELVAN AGUSTA'),
(2082, 1, NULL, '2024-09-10 07:03:27', 'Menambahkan Akun Users ZANDY ALFAT WIRAMUSAHAB'),
(2083, 1, NULL, '2024-09-10 07:04:43', 'Menambahkan Akun Users SHALVA AULIA RAMADHANI'),
(2084, 1, NULL, '2024-09-10 07:07:39', 'Menambahkan Akun Users SEPTI RAMADHANI'),
(2085, 1, NULL, '2024-09-10 07:16:09', 'Menambahkan Akun Users SITI AISA'),
(2086, 1, NULL, '2024-09-10 07:17:04', 'Menambahkan Akun Users SITI APRILLIA NOUR LAILY'),
(2087, 1, NULL, '2024-09-10 07:18:35', 'Menambahkan Akun Users ADINDA PUTRI AGUSTIN'),
(2088, 1, NULL, '2024-09-10 07:19:37', 'Menambahkan Akun Users ARDEA NURUL TRI CAHYANI'),
(2089, 1, NULL, '2024-09-10 07:21:13', 'Menambahkan Akun Users ENDAH SETIARINI'),
(2090, 1, NULL, '2024-09-10 07:24:56', 'Menambahkan Akun Users NABELA DANIK NOR SAFIKA'),
(2091, 1, NULL, '2024-09-10 07:26:37', 'Menambahkan Akun Users NADIA FITRIANA SOLEHA'),
(2092, 1, NULL, '2024-09-10 10:52:55', 'ADMIN Login'),
(2093, 1, NULL, '2024-09-10 12:57:23', 'ADMIN Login'),
(2094, 0, 1, '2024-09-10 19:37:46', 'Ketua Ruang Login'),
(2095, 0, 1, '2024-09-10 19:39:07', 'Menambahkan Peminjaman 1'),
(2096, 0, 1, '2024-09-10 19:39:35', '40 Dikemebalikan'),
(2097, 0, 1, '2024-09-10 19:41:47', 'Menambahkan Peminjaman 9'),
(2098, 0, 1, '2024-09-10 19:42:50', '41 Dikemebalikan'),
(2099, 0, 1, '2024-09-10 20:01:14', 'Ketua Ruang Logout');

-- --------------------------------------------------------

--
-- Table structure for table `peminjaman`
--

CREATE TABLE `peminjaman` (
  `id_peminjaman` int(11) NOT NULL,
  `id_pj` int(11) NOT NULL,
  `id_user` int(11) NOT NULL,
  `id_barang` int(11) NOT NULL,
  `tanggal_pinjam` date NOT NULL,
  `tanggal_kembali` date NOT NULL,
  `status_peminjaman` enum('Pinjam','Kembali') NOT NULL
) ENGINE=InnoDB DEFAULT CHARSET=utf8mb4 COLLATE=utf8mb4_general_ci;

--
-- Dumping data for table `peminjaman`
--

INSERT INTO `peminjaman` (`id_peminjaman`, `id_pj`, `id_user`, `id_barang`, `tanggal_pinjam`, `tanggal_kembali`, `status_peminjaman`) VALUES
(40, 1, 1, 24, '2024-09-10', '2024-11-10', 'Kembali'),
(41, 1, 9, 29, '2024-09-10', '2024-11-10', 'Kembali');

-- --------------------------------------------------------

--
-- Table structure for table `pengembalian`
--

CREATE TABLE `pengembalian` (
  `id_pengembalian` int(11) NOT NULL,
  `id_pj` int(11) NOT NULL,
  `id_peminjaman` int(11) NOT NULL,
  `tanggal_pinjam` date NOT NULL,
  `tanggal_kembali` date NOT NULL
) ENGINE=InnoDB DEFAULT CHARSET=utf8mb4 COLLATE=utf8mb4_general_ci;

--
-- Dumping data for table `pengembalian`
--

INSERT INTO `pengembalian` (`id_pengembalian`, `id_pj`, `id_peminjaman`, `tanggal_pinjam`, `tanggal_kembali`) VALUES
(19, 1, 40, '2024-09-10', '2024-09-10'),
(20, 1, 41, '2024-09-10', '2024-09-10');

-- --------------------------------------------------------

--
-- Table structure for table `pj_ruang`
--

CREATE TABLE `pj_ruang` (
  `id_pj` int(11) NOT NULL,
  `nama_pj` varchar(100) NOT NULL,
  `jk_pj` enum('Laki-laki','Perempuan') NOT NULL,
  `telp_pj` char(18) NOT NULL,
  `alamat_pj` varchar(255) NOT NULL,
  `username_pj` char(50) NOT NULL,
  `password_pj` char(20) NOT NULL,
  `id_ruangbarang` int(11) NOT NULL
) ENGINE=InnoDB DEFAULT CHARSET=utf8mb4 COLLATE=utf8mb4_general_ci;

--
-- Dumping data for table `pj_ruang`
--

INSERT INTO `pj_ruang` (`id_pj`, `nama_pj`, `jk_pj`, `telp_pj`, `alamat_pj`, `username_pj`, `password_pj`, `id_ruangbarang`) VALUES
(1, 'DASINI, S.Pd\r\n', 'Perempuan', '+6285866853152', 'Cepu, Blora', 'PJTKJ', 'PJTKJ', 1),
(2, 'MUH. NASIKIN, S.Pd. Gr\r\n\r\n', 'Laki-laki', '081342510089', 'Cepu', 'PJDKV', 'PJDKV', 2),
(3, 'SINTIA HUSNURROSHIDA, S.Pd. Gr\r\n', 'Perempuan', '082339590048', 'Cepu\r\n', 'PJAKL', 'PJAKL', 3),
(4, 'Handoko', 'Laki-laki', '082236196662', 'Sambeng', 'PJCBT', 'PJCBT', 4),
(5, 'SLAMET, ST., Gr\r\n', 'Laki-laki', '+6282313818830', 'Tambakrejo, Bojonegoro', 'PJTKR', 'PJTKR', 5),
(6, 'ARI DWI CAHYO, S.Pd. Gr\r\n', 'Laki-laki', '+6287877705749', 'Cepu, Blora\r\n', 'PJTOT', 'PJTOT', 6),
(7, 'SYO\'IM NUZULLIYANTO, S.Pd\r\n', 'Laki-laki', '+6281215870478', 'Sambong, Blora\r\n', 'PJLAS', 'PJLAS', 7);

-- --------------------------------------------------------

--
-- Table structure for table `ruang_barang`
--

CREATE TABLE `ruang_barang` (
  `id_ruangbarang` int(11) NOT NULL,
  `role_ruang` enum('Lab','Bengkel') NOT NULL,
  `nama_ruangbarang` char(50) NOT NULL
) ENGINE=InnoDB DEFAULT CHARSET=utf8mb4 COLLATE=utf8mb4_general_ci;

--
-- Dumping data for table `ruang_barang`
--

INSERT INTO `ruang_barang` (`id_ruangbarang`, `role_ruang`, `nama_ruangbarang`) VALUES
(1, 'Lab', 'Teknik Komputer dan Jaringan'),
(2, 'Lab', 'Desain Komunikasi Visual'),
(3, 'Lab', 'Akuntansi dan Keuangan Lembaga'),
(4, 'Lab', 'CBT'),
(5, 'Bengkel', 'Teknik Kendaraan Ringan'),
(6, 'Bengkel', 'Teknik Ototronik'),
(7, 'Bengkel', 'Teknik Pengelasan');

-- --------------------------------------------------------

--
-- Table structure for table `users`
--

CREATE TABLE `users` (
  `id_user` int(11) NOT NULL,
  `nama_user` varchar(100) NOT NULL,
  `ni_user` char(20) NOT NULL,
  `jk_user` enum('Laki - laki','Perempuan') NOT NULL,
  `telp_user` char(18) NOT NULL,
  `alamat_user` varchar(255) NOT NULL,
  `username_user` char(50) NOT NULL,
  `password_user` char(20) NOT NULL,
  `role_user` enum('Guru','Siswa','Kepsek') NOT NULL
) ENGINE=InnoDB DEFAULT CHARSET=utf8mb4 COLLATE=utf8mb4_general_ci;

--
-- Dumping data for table `users`
--

INSERT INTO `users` (`id_user`, `nama_user`, `ni_user`, `jk_user`, `telp_user`, `alamat_user`, `username_user`, `password_user`, `role_user`) VALUES
(1, 'ADITYA MAISYA SETYAWAN\r\n', '0072616728', 'Laki - laki', '0819393017', 'Kasiman', '111111', '111111', 'Siswa'),
(2, 'DONI WAHYUDI INDRA CAHYA, ST\r\n', '112233', 'Laki - laki', '081939301923', 'Cepu\r\n', '112233', '112233', 'Guru'),
(3, 'EDY SUROTO, S.Pd.,M.M.', '19740125 199903 1 00', 'Laki - laki', '+6281249262699', 'Dander, Bojonegoro', '123', '123', 'Kepsek'),
(7, 'Alfi', '123321', 'Perempuan', '000000000', 'UTM', '123321', '123321', 'Siswa'),
(9, 'SELVI CITRA DWI AMANDA', '0082365899', 'Perempuan', '+62 812-7145-6476', 'Kedewan', '0082365899', '0082365899', 'Siswa'),
(10, 'MARSYEILA MAULIDYA NINGRUM', '0083954733', 'Perempuan', '082100000001', 'Sambeng', '0083954733', '0083954733', 'Siswa'),
(11, 'MEGA AMELIA', '0076111113', 'Perempuan', '082100000002', 'Batokan', '0076111113', '0076111113', 'Siswa'),
(12, 'MELI APRILIA', '0077925575', 'Perempuan', '082100000003', 'Besah', '0077925575', '0077925575', 'Siswa'),
(13, 'MUTIA NURAINI', '3073818712', 'Perempuan', '082100000004', 'Sambeng', '3073818712', '3073818712', 'Siswa'),
(14, 'NABELA DANIK NOR SAFIKA', '0083884433', 'Perempuan', '082100000005', 'Sekaran', '0083884433', '0083884433', 'Siswa'),
(15, 'ARIZ KAUTHSAR RIZQULLAH', '0068354272', 'Laki - laki', '0895352120125', 'NGELO, CEPU ', '12341234', '12341234', 'Siswa'),
(16, 'LEO', '0077685970', 'Laki - laki', '082334231271', 'WONOCOLO, KEDEWAN', '123123', '123123', 'Siswa'),
(17, 'LANY ASSANDRA', '0076765489', 'Perempuan', '0895336081824', 'DESA BATOKAN ', '111222', '111222', 'Siswa'),
(18, 'ABI SETIYA KUSUMA', '0082741703', 'Laki - laki', '0831675148791', 'Ds. Ngujung RT. 11 RW. 06 Kec. Malo\r\n', '0082741703', '0082741703', 'Siswa'),
(19, 'ZULI IKHSANTO, S.Kom', '197407042006041018', 'Laki - laki', '081391839993', 'Sambeng', '197407042006041018', '197407042006041018', 'Guru'),
(27, 'Dra. TRI PUSPITORINI DYAH SETYOWATI', '19670305 199802 2 00', 'Perempuan', '+6282136632796', 'Cepu, Blora', '19670305 199802 2 003', '19670305 199802 2 00', 'Guru'),
(28, 'EDI SUHARSO,S.Si M.Si', '19650821 200112 1 00', 'Laki - laki', '+6281368851239', 'Balun, Cepu\r\n', '19650821 200112 1 001', '19650821 200112 1 00', 'Guru'),
(29, 'BAMBANG PRIYO WAHYU UTOMO, S.Pd', '19750718 200903 1 00', 'Laki - laki', '+6285325685245', 'Tambakromo, Cepu', '19750718 200903 1 002', '19750718 200903 1 00', 'Guru'),
(30, 'KENANG SETIAWAN, S.Pd.T', '19830409 200903 1 00', 'Laki - laki', '+6285641397346', 'Lamongan', '19830409 200903 1 002', '19830409 200903 1 00', 'Guru'),
(31, 'ELSA AINUN AMALIYA, SE', '19730520 200604 2 01', 'Perempuan', '+6281332033848', 'Padangan, Bojonegoro', '19730520 200604 2 019', '19730520 200604 2 01', 'Guru'),
(32, 'DIDIK PUJI UTAMI, S.Pd', '19730514 201406 2 00', 'Perempuan', '+6285257392250', 'Gayam, Bojonegoro', '19730514 201406 2 003', '19730514 201406 2 00', 'Guru'),
(33, 'NUNUK SISWIYANTI, S.Pd', '19820404 200903 2 00', 'Perempuan', '+628157631023', 'Cepu, Blora', '19820404 200903 2 004', '19820404 200903 2 00', 'Guru'),
(34, 'SUHENDRO, S.Mn', '19710128 202221 1 00', 'Laki - laki', '+6285326331040', 'Kasiman, Bojonegoro', '19710128 202221 1 004', '19710128 202221 1 00', 'Guru'),
(35, 'SYAIFUL RIDLO, S.Kom., Gr', '19860827 202221 1 00', 'Laki - laki', '+6285640897919', 'Jiken, Blora', '19860827 202221 1 007', '19860827 202221 1 00', 'Guru'),
(36, 'RIDWAN ARIS PRASETYA, S.Pd', '19830906 202221 1 01', 'Laki - laki', '+6281327029182', 'Besah, Kasiman', '19830906 202221 1 016', '19830906 202221 1 01', 'Guru'),
(37, 'SIGIT SUBIANTORO, S.Pd', '1960', 'Laki - laki', '+62821366688276', 'Bojonegoro', '1960', '1960', 'Guru'),
(38, 'ABIMANYU FARID WAHYUDI', '0089319379', 'Laki - laki', '087121102021', 'Prangi, Padangan', '0089319379', '0089319379', 'Siswa'),
(39, 'ABIMANYU MAHARDIANSYAH PRIHANDOKO', '0079578813', 'Laki - laki', '088891230001', 'Ngeper, Padangan', '0079578813', '0079578813', 'Siswa'),
(40, 'ACHMAD FAUZI', '0078674244', 'Laki - laki', '088831567751', 'Sekaran, Kasiman', '0078674244', '0078674244', 'Siswa'),
(41, 'ADI NUGROHO', '0071533173', 'Laki - laki', '081345670809', 'Sidomukti, Kasiman', '0071533173', '0071533173', 'Siswa'),
(42, 'ABI SETIYA KUSUMA', '0082741703', 'Laki - laki', '08760618780', 'Ngujung, Malo', '0082741703', '0082741703', 'Siswa'),
(43, 'AGUS INDRA PRATAMA', '0086376767', 'Laki - laki', '082246572021', 'Ngeper, Padangan', '0086376767', '0086376767', 'Siswa'),
(44, 'AHMAD ADITYA IRAWAN', '0088608551', 'Laki - laki', '082134315591', 'Sumberjo, Malo', '0088608551', '0088608551', 'Siswa'),
(45, 'ZECO ELVAN AGUSTA', '0077485264', 'Laki - laki', '089170918081', 'Sambeng, Kasiman', '0077485264', '0077485264', 'Siswa'),
(46, 'ZANDY ALFAT WIRAMUSAHAB', '0072134246', 'Laki - laki', '082135424610', 'tambakmerak, Kasiman', '0072134246', '0072134246', 'Siswa'),
(47, 'SHALVA AULIA RAMADHANI', '0062811473', 'Perempuan', '081356410025', 'Besah, Kasiman', '0062811473', '0062811473', 'Siswa'),
(48, 'SEPTI RAMADHANI', '0094784203', 'Perempuan', '08965100756', 'Tembeling, Kasiman', '0094784203', '0094784203', 'Siswa'),
(49, 'SITI AISA', '0075518077', 'Perempuan', '081321007008', 'Hargomulyo, Kedewan\r\n', '0075518077', '0075518077', 'Siswa'),
(50, 'SITI APRILLIA NOUR LAILY', '0078837224', 'Perempuan', '083127918070', 'Sekaran, Kasiman', '0078837224', '0078837224', 'Siswa'),
(51, 'ADINDA PUTRI AGUSTIN', '0073046653', 'Perempuan', '082131145071', 'Kampung Baru, Cepu', '0073046653', '0073046653', 'Siswa'),
(52, 'ARDEA NURUL TRI CAHYANI', '0082059358', 'Perempuan', '081376511021', 'Semberjo, Malo', '0082059358', '0082059358', 'Siswa'),
(53, 'ENDAH SETIARINI', '0071120166', 'Perempuan', '082145130761', 'Wonosari, Senori', '0071120166', '0071120166', 'Siswa'),
(54, 'NABELA DANIK NOR SAFIKA', '0083884433', 'Perempuan', '082154600930', 'Kedungrejo, Malo', '0083884433', '0083884433', 'Siswa'),
(55, 'NADIA FITRIANA SOLEHA', '0078229210', 'Perempuan', '085135710701', 'Sekaran, Kasiman', '0078229210', '0078229210', 'Siswa');

--
-- Indexes for dumped tables
--

--
-- Indexes for table `admin`
--
ALTER TABLE `admin`
  ADD PRIMARY KEY (`id_admin`);

--
-- Indexes for table `barang`
--
ALTER TABLE `barang`
  ADD PRIMARY KEY (`id_barang`);

--
-- Indexes for table `keadaan_barang`
--
ALTER TABLE `keadaan_barang`
  ADD PRIMARY KEY (`id_keadaanbarang`);

--
-- Indexes for table `log`
--
ALTER TABLE `log`
  ADD PRIMARY KEY (`id_log`);

--
-- Indexes for table `peminjaman`
--
ALTER TABLE `peminjaman`
  ADD PRIMARY KEY (`id_peminjaman`);

--
-- Indexes for table `pengembalian`
--
ALTER TABLE `pengembalian`
  ADD PRIMARY KEY (`id_pengembalian`);

--
-- Indexes for table `pj_ruang`
--
ALTER TABLE `pj_ruang`
  ADD PRIMARY KEY (`id_pj`);

--
-- Indexes for table `ruang_barang`
--
ALTER TABLE `ruang_barang`
  ADD PRIMARY KEY (`id_ruangbarang`);

--
-- Indexes for table `users`
--
ALTER TABLE `users`
  ADD PRIMARY KEY (`id_user`);

--
-- AUTO_INCREMENT for dumped tables
--

--
-- AUTO_INCREMENT for table `admin`
--
ALTER TABLE `admin`
  MODIFY `id_admin` int(11) NOT NULL AUTO_INCREMENT, AUTO_INCREMENT=2;

--
-- AUTO_INCREMENT for table `barang`
--
ALTER TABLE `barang`
  MODIFY `id_barang` int(11) NOT NULL AUTO_INCREMENT, AUTO_INCREMENT=170;

--
-- AUTO_INCREMENT for table `keadaan_barang`
--
ALTER TABLE `keadaan_barang`
  MODIFY `id_keadaanbarang` int(11) NOT NULL AUTO_INCREMENT, AUTO_INCREMENT=167;

--
-- AUTO_INCREMENT for table `log`
--
ALTER TABLE `log`
  MODIFY `id_log` int(11) NOT NULL AUTO_INCREMENT, AUTO_INCREMENT=2100;

--
-- AUTO_INCREMENT for table `peminjaman`
--
ALTER TABLE `peminjaman`
  MODIFY `id_peminjaman` int(11) NOT NULL AUTO_INCREMENT, AUTO_INCREMENT=42;

--
-- AUTO_INCREMENT for table `pengembalian`
--
ALTER TABLE `pengembalian`
  MODIFY `id_pengembalian` int(11) NOT NULL AUTO_INCREMENT, AUTO_INCREMENT=21;

--
-- AUTO_INCREMENT for table `pj_ruang`
--
ALTER TABLE `pj_ruang`
  MODIFY `id_pj` int(11) NOT NULL AUTO_INCREMENT, AUTO_INCREMENT=17;

--
-- AUTO_INCREMENT for table `ruang_barang`
--
ALTER TABLE `ruang_barang`
  MODIFY `id_ruangbarang` int(11) NOT NULL AUTO_INCREMENT, AUTO_INCREMENT=8;

--
-- AUTO_INCREMENT for table `users`
--
ALTER TABLE `users`
  MODIFY `id_user` int(11) NOT NULL AUTO_INCREMENT, AUTO_INCREMENT=56;
COMMIT;

/*!40101 SET CHARACTER_SET_CLIENT=@OLD_CHARACTER_SET_CLIENT */;
/*!40101 SET CHARACTER_SET_RESULTS=@OLD_CHARACTER_SET_RESULTS */;
/*!40101 SET COLLATION_CONNECTION=@OLD_COLLATION_CONNECTION */;
